AD,42.546245,1.601554,Andorra,https://www.thetravel.com/how-to-plan-a-ski-trip-to-andorra/,Andorra Is A Skier's Dream() And This Is How To Plan A Trip,The Travel,https://static2.thetravelimages.com/wordpress/wp-content/uploads/2021/12/skier-on-lift-andorra.jpg?q=50&fit=crop&w=943&h=500&dpr=1.5
AE,23.424076,53.847818,United Arab Emirates,https://apnews.com/article/middle-east-iran-israel-dubai-united-arab-emirates-509050c8e4cf18b02dfda9c9b9bd3f5e,Top UAE adviser makes rare trip to Iran amid nuclear talks,AP News,https://storage.googleapis.com/afs-prod/media/72473a755646455e9239d43ab01981c1/1000.jpeg
AF,33.93911,67.709953,Afghanistan,https://www.nytimes.com/2021/12/03/world/asia/afghanistan-land-ownership-taliban.html,In Afghanistan() ‘Who Has the Guns Gets the Land’,The New York Times,https://static01.nyt.com/images/2021/12/01/world/00afghanistan-land-8/merlin_198572361_11a1b804-2089-4d01-b885-d1ad2992d81c-superJumbo.jpg?quality=75&auto=webp
AG,17.060816,-61.796428,Antigua and Barbuda,https://www.cbsnews.com/news/climate-change-antigua-barbuda-tuvalu-lawsuit-polluters/,Island nations seek a way to sue big polluters over climate change that could leave some underwater,CBS News,https://getgoldenvisa.com/wp-content/uploads/2019/02/antigua-barbuda.jpg
AI,18.220554,-63.068615,Anguilla,https://www.bostonglobe.com/2021/12/02/lifestyle/no-matter-how-you-pronounce-it-anguilla-is-caribbean-gem/,No matter how you pronounce it() Anguilla is a Caribbean gem,Boston Globe,https://bostonglobe-prod.cdn.arcpublishing.com/resizer/A96LP96dmcZL12mzMgJ8LstLsmQ=/1440x0/cloudfront-us-east-1.images.arcpublishing.com/bostonglobe/UWDRP4JXJBFUNAHJNMNNZQRNUE.jpeg
AL,41.153332,20.168331,Albania,https://exit.al/en/2021/12/06/albanian-heart-and-psychiatric-patients-increase-in-2021/,Albanian Heart and Psychiatric Patients Increase in 2021,Exit News,https://exit.al/en/wp-content/uploads/sites/3/2021/05/hospital-beds-2.jpg
AM,40.069099,45.038189,Armenia,https://www.aljazeera.com/news/2021/12/6/covid-19-vaccine-denial-still-rife-in-armenia,In Armenia() why are just 15 percent fully vaccinated?,Al Jazeera,https://www.aljazeera.com/wp-content/uploads/2021/12/2020-10-27T143743Z_850834181_RC22RJ9VV18J_RTRMADP_3_HEALTH-CORONAVIRUS-ARMENIA.jpg?resize=770%2C513
AN,12.226079,-69.060087,Netherlands Antilles,https://www.thedailyherald.sx/islands/beatrix-in-curacao,Beatrix In Curacao,The Daily Herald,https://www.thedailyherald.sx/images/2021/11/26/beatrix2_large.jpg
AO,-11.202692,17.873887,Angola,https://www.africanews.com/2021/12/06/angolan-opposition-re-elect-adalberto-costa-junior-as-leader/,Angolan opposition re-elect Adalberto Costa Junior as leader,Africanews,https://static.euronews.com/articles/stories/06/28/35/16/1024x538_cmsv2_76b65789-9944-59c8-9765-d665ade91e70-6283516.jpg?1638769764
AQ,-75.250973,-0.071389,Antarctica,https://www.washingtonpost.com/weather/2021/12/06/antarctica-solar-eclipse-total/,Total solar eclipse dazzles skies in Antarctica. The photos are spectacular.,The Washington Post,https://www.washingtonpost.com/wp-apps/imrs.php?src=https://arc-anglerfish-washpost-prod-washpost.s3.amazonaws.com/public/A4ISLZSVA4I6ZA6S3HNLBYR3PY.jpg&w=916
AR,-38.416097,-63.616672,Argentina,https://www.reuters.com/world/americas/argentina-detects-first-omicron-case-health-ministry-says-2021-12-06/,Argentina detects first Omicron case() health ministry says,Reuters,https://www.reuters.com/resizer/cTQKykPbDWdPZv5z5PlvLnlnOSY=/1200x0/filters:quality(80)/cloudfront-us-east-2.images.arcpublishing.com/reuters/32JFAYPURRPKHHUSFW25KPXOLE.jpg
AS,-14.270972,-170.132217,American Samoa,https://www.ed.gov/news/press-releases/us-department-education-approves-american-samoas-implementation-plan-use-american-rescue-plan-funds-support-k-12-schools-and-students,U.S. Department of Education Approves American Samoa’s Implementation Plan for Use of American Rescue Plan Funds to Support K-12 Schools and Students,U.S. Department of Education,https://media-cldnry.s-nbcnews.com/image/upload/t_nbcnews-fp-1200-630()f_auto()q_auto:best/newscms/2019_51/3151976/191217-american-samoa-al-1203.jpg
AT,47.516231,14.550072,Austria,https://www.bloomberg.com/news/articles/2021-12-06/austria-swears-in-latest-chancellor-with-task-of-ending-lockdown,Austria Swears In Latest Chancellor With Task of Ending Lockdown,Bloomberg,https://assets.bwbx.io/images/users/iqjWHBFdfxIU/iYOLtuHYyEXo/v0/1400x-1.jpg
AU,-25.274398,133.775136,Australia,https://www.theguardian.com/australia-news/2021/dec/06/australias-omicron-travel-ban-is-discrimination-south-african-diplomat-says,Australia’s Omicron travel ban is ‘discrimination’() South African diplomat says,The Guardian,https://i.guim.co.uk/img/media/088ada39e04d02992eeeec0f873c55ab8f950db2/0_129_3200_1921/master/3200.jpg?width=620&quality=45&auto=format&fit=max&dpr=2&s=baef7c0ba744e3c509940a1b52c7745f
AW,12.52111,-69.968338,Aruba,https://www.caribjournal.com/2021/12/04/aruba-jamaica-holidays-flocking-allianz-data/,Americans Flocking to Jamaica() Aruba for Holidays,Caribbean Journal,https://3j0grh44ocny4a6kcn288izx-wpengine.netdna-ssl.com/wp-content/uploads/2021/07/aruba-amsterdam-manor-resort-cover-950x530.jpg
AZ,40.143105,47.576927,Azerbaijan,https://www.reuters.com/world/europe/azerbaijan-hands-over-10-captured-soldiers-armenia-2021-12-04/,Azerbaijan hands over 10 captured soldiers to Armenia,Reuters,https://www.reuters.com/resizer/RCQc7yv-k6YWaW7qOuIc2jD2rbk=/1200x0/filters:quality(80)/cloudfront-us-east-2.images.arcpublishing.com/reuters/IEQOWERGAJJS3AUBUWZ4KOVCHM.jpg
BA,43.915886,17.679076,Bosnia and Herzegovina,https://www.brinknews.com/a-crisis-is-brewing-in-bosnia-and-herzegovina/,A Crisis Is Brewing in Bosnia and Herzegovina,Brink,https://www.brinknews.com/wp-content/uploads/2021/11/GettyImages-1230686477.jpg
BB,13.193887,-59.543198,Barbados,https://www.aljazeera.com/podcasts/2021/12/6/barbados-cuts-from-the-queen-and-readies-its-new-republic,Barbados cuts from the queen and readies its new republic,Al Jazeera,https://www.aljazeera.com/wp-content/uploads/2021/12/2021-11-30T062524Z_132818307_RC2T4R9XVFT0_RTRMADP_3_BARBADOS-BRITAIN-CELEBRATIONS.jpg?resize=770%2C513
BD,23.684994,90.356331,Bangladesh,https://thediplomat.com/2021/12/bangladeshs-identity-crisis-to-be-or-not-to-be-secular/,Bangladesh’s Identity Crisis: To Be or Not to Be Secular,The Diplomat,https://www.aljazeera.com/wp-content/uploads/2021/12/2021-11-30T062524Z_132818307_RC2T4R9XVFT0_RTRMADP_3_BARBADOS-BRITAIN-CELEBRATIONS.jpg?resize=770%2C513
BE,50.503887,4.469936,Belgium,https://www.theguardian.com/world/2021/dec/06/street-name-honour-for-unloved-castle-lady-dismays-belgian-village,Street name honour for unloved ‘castle lady’ dismays Belgian village,The Guardian,https://i.guim.co.uk/img/media/ad2ed69b230ee3c8b40a30b8338265b617248606/125_13_1427_855/master/1427.jpg?width=620&quality=45&auto=format&fit=max&dpr=2&s=cdf8ea9b0b1fc2d9766a72875b55f0a4
BF,12.238333,-1.561593,Burkina Faso,https://apnews.com/article/africa-islamic-state-group-burkina-faso-missing-persons-80ffd2f58e9bd11c94db316da45f5014,Hundreds go missing in Burkina Faso amid extremist violence,AP News,https://storage.googleapis.com/afs-prod/media/927793abf9e14fe48a21ac4ece7e1053/1000.jpeg
BG,42.733883,25.48583,Bulgaria,https://wtvbam.com/2021/12/06/bulgarias-pp-party-expects-to-forge-coalition-government-soon/,Bulgaria’s PP party expects to forge coalition government soon,WTVB,http://cdn.cnn.com/cnnnext/dam/assets/200819101951-07-reconnect-bulgaria-highlights-nessebar.jpg
BH,25.930414,50.637772,Bahrain,https://www.reuters.com/world/middle-east/bahrain-central-bank-plans-offer-digital-dinar-sky-news-arabia-2021-12-05/,Bahrain central bank plans to offer digital Dinar - Sky News Arabia,Reuters,https://www.nationsonline.org/gallery/Bahrain/Manama-WTC-and-Skyline.jpg
BI,-3.373056,29.918886,Burundi,https://www.france24.com/en/live-news/20211118-us-removes-sanctions-on-burundi,US removes sanctions on Burundi,France 24,https://s.france24.com/media/display/0524e266-db1b-11ea-b4e1-005056a98db9/w:1280/p:16x9/a032548dbf0a0cd347c3e169be8844ca96f8da7e.webp
BJ,9.30769,2.315834,Benin,https://www.reuters.com/world/africa/two-killed-islamist-attack-northern-benin-army-says-2021-12-02/,Two soldiers killed in Islamist militant attack in northern Benin() army says,Reuters,https://www.worldatlas.com/r/w1200/upload/04/3f/7a/shutterstock-1383820007.jpg
BM,32.321384,-64.75737,Bermuda,https://www.travelagentcentral.com/destinations/bermuda-announces-changes-pre-arrival-testing-requirements,Bermuda Announces Changes to Pre-Arrival Testing Requirements,Travel Agent Central,https://qtxasset.com/cdn-cgi/image/w=852()h=479()f=auto()fit=crop()g=0.5x0.5/https://qtxasset.com/quartz/qcloud1/media/image/travelagentcentral/1524753287/bermudagetty.jpg?VersionId=kI72GRKaCw1cED.J3uvudzHkS3ikXhuk
BN,4.535277,114.727669,Brunei,https://thescoop.co/2021/12/06/brunei-records-lowest-weekly-covid-caseload-since-start-of-second-wave/,Brunei records lowest weekly COVID caseload since start of second wave,The Scoop,https://thescoop.co/wp-content/uploads/2021/12/MG_0641-2-e1638804536610-1280x768.jpg?crop=1
BO,-16.290154,-63.588653,Bolivia,https://www.hrw.org/news/2021/12/06/girls-ordeal-exposes-bolivias-failure-reproductive-rights,Girl’s Ordeal Exposes Bolivia’s Failure on Reproductive Rights,Human Rights Watch,https://www.hrw.org/sites/default/files/styles/embed_medium/public/media_2021/12/202112Americas_Bolivia_Abortion.jpg?itok=Ht0MwcWC
BR,-14.235004,-51.92528,Brazil,https://wtvbam.com/2021/12/06/brazil-eyes-1-17-trillion-halal-food-market-keen-to-boost-farm-trade-with-islamic-world-official/,Brazil eyes $1.17 trillion halal food market() keen to boost farm trade with Islamic world -official,WTVB,https://storage.googleapis.com/media.mwcradio.com/mimesis/2021-12/06/2021-12-06T181226Z_1_LYNXMPEHB50UW_RTROPTP_3_BRAZIL-GRAINS-IMPORTS.JPG
BS,25.03428,-77.39628,Bahamas,https://www.si.com/golf/news/collin-morikawas-meltdown-in-the-bahamas-was-totally-out-of-character,Collin Morikawa's Meltdown in the Bahamas Was Totally Out of Character,Sports Illustrated,https://e291f1206726d700191b-d0cedd1cc05016668dc83bc2742129e5.ssl.cf1.rackcdn.com/windsong/media/windsong-desktop-golf-intro-5f870e2793e7c.jpg
BT,27.514162,90.433601,Bhutan,https://www.eurasiareview.com/05122021-bhutan-and-bangladesh-can-benefit-from-growing-trade-ties-oped/,Bhutan And Bangladesh Can Benefit From Growing Trade Ties – OpEd,EurasiaReview,https://i2.wp.com/www.eurasiareview.com/wp-content/uploads/2021/12/c-22.png?resize=800%2C445&ssl=1&is-pending-load=1
BW,-22.328474,24.684866,Botswana,https://www.nytimes.com/2021/12/03/world/botswana-diplomats-omicron-europe.html,Botswana’s leader says foreign diplomats who traveled from Europe were among the first known Omicron cases.,The New York Times,https://static01.nyt.com/images/2021/12/03/multimedia/03-virus-briefing-botswana/03-virus-briefing-botswana-superJumbo.jpg?quality=75&auto=webp
BY,53.709807,27.953389,Belarus,https://www.bloomberg.com/news/articles/2021-11-11/belarus-leader-threatens-to-shut-eu-gas-transit-in-border-spat,Belarus Threatens EU Gas as Merkel Pushes Putin in Migrant Spot,Bloomberg,https://www.irishtimes.com/polopoly_fs/1.4728162.1636819100!/image/image.jpg
BZ,17.189877,-88.49765,Belize,https://en.mercopress.com/2021/12/06/norwegian-cruise-arrives-at-new-orleans-with-ten-covid-19-confirmed-cases-after-a-tour-of-belize-honduras-and-mexico,Norwegian cruise arrives at New Orleans with ten Covid-19 confirmed cases after a tour of Belize() Honduras and Mexico,MercoPress,https://dynamic-media-cdn.tripadvisor.com/media/photo-o/15/33/fb/23/belize.jpg?w=700&h=500&s=1
CA,56.130366,-106.346771,Canada,https://www.bbc.com/news/world-us-canada-59555141,Amid shortage() Canada taps into emergency maple syrup reserves,BBC,https://ichef.bbci.co.uk/news/976/cpsprodpb/597D/production/_121990922_microsoftteams-image-13.png
CC,-12.164165,96.870956,Cocos (Keeling) Islands,https://www.sbs.com.au/food/article/2021/11/29/you-can-try-cuisine-cocos-islands-here,You can try the cuisine of the Cocos Islands here,SBS,https://www.sbs.com.au/food/sites/sbs.com.au.food/files/styles/full/public/7-ayam-pangang-and-nasi-kuning-.jpg?itok=XHiLDRr1&mtime=1637042578
CD,-4.038333,21.758664,Democratic Republic of the Congo,https://www.nytimes.com/2021/12/03/world/congo-cobalt-albert-yuma-mulimbi.html,Congo Ousts Mining Leader in a Cloud of Corruption Claims,The New York Times,https://static01.nyt.com/images/2021/12/03/multimedia/03YUMA1/03YUMA1-superJumbo.jpg?quality=75&auto=webp
CF,6.611111,20.939444,Central African Republic,https://www.unaids.org/en/resources/presscentre/featurestories/2021/december/20211206_WAD_CAR,Commemorating World AIDS Day in the Central African Republic,UNAids,https://www.unaids.org/sites/default/files/IMG_1216.JPG
CG,-0.228021,15.827659,Republic of the Congo,https://www.aljazeera.com/economy/2021/12/6/us-slaps-sanctions-on-drc-national-over-gertler-ties,US slaps sanctions on DRC national over Gertler ties,Al Jazeera,https://www.aljazeera.com/wp-content/uploads/2021/12/228379952.jpg?resize=770%2C513
CH,46.818188,8.227512,Switzerland,https://www.nytimes.com/2021/12/04/world/europe/switzerland-quarantine-travel-omicron.html,Switzerland backtracks on mandatory quarantines for some foreign visitors.,The New York Times,https://static01.nyt.com/images/2021/12/04/multimedia/04virus-briefing-switzerland-travel-rules-01/04virus-briefing-switzerland-travel-rules-01-superJumbo.jpg?quality=75&auto=webp
CI,7.539989,-5.54708,Côte d'Ivoire,news24.com/news24/southafrica/news/ramaphosas-first-state-visit-to-cote-divoire-seen-as-a-win-win-for-both-countries-20211202,Ramaphosa’s first state visit to Cote d’Ivoire seen as a win-win for both countries,News24,https://cdn.24.co.za/files/Cms/General/d/1776/84dd860fc7a5459eb4cc4811f944f68d.jpg
CK,-21.236736,-159.777671,Cook Islands,https://www.abc.net.au/news/2021-12-04/cook-islands-first-case-of-covid-19-prior-to-border-opening/100674630,Cook Islands reports first ever case of COVID-19 prior to plans to open border to tourists,ABC News,https://live-production.wcms.abc-cdn.net.au/d415e7569aabd6c8b45d579789895fdd?impolicy=wcms_crop_resize&cropH=639&cropW=960&xPos=0&yPos=38&width=862&height=575
CL,-35.675147,-71.542969,Chile,https://en.mercopress.com/2021/12/06/mapuches-strike-again-in-southern-chile,Mapuches strike again in southern Chile,MercoPress,https://a.cdn-hotels.com/gdcs/production162/d454/b70026db-db9b-42e5-86ab-17c066571d32.jpg?impolicy=fcrop&w=800&h=533&q=medium
CM,7.369722,12.354722,Cameroon,https://www.voanews.com/a/cameroon-deploys-military-to-assist-rangers-as-poaching-increases/6341052.html,Cameroon Deploys Military to Assist Rangers as Poaching Increases,VOA,https://gdb.voanews.com/49A7EFFD-F667-44B0-8419-C8F4B01CE575_w1023_r1_s.jpg
CN,35.86166,104.195397,China,https://www.wsj.com/articles/china-data-security-law-ships-ports-court-cases-universities-11638803230,China Increasingly Obscures True State of Its Economy to Outsiders,The Wall Street Journal,https://images.wsj.net/im-446726?width=700&size=1.5&pixel_ratio=2
CO,4.570868,-74.297333,Colombia,bbc.com/news/world-latin-america-59543742,Farc: Colombian rebel commander 'El Paisa' killed in Venezuela,BBC,https://ichef.bbci.co.uk/news/976/cpsprodpb/35E5/production/_121979731_gettyimages-1164614402.jpg
CR,9.748917,-83.753428,Costa Rica,https://thecostaricanews.com/costa-ricans-traveling-to-the-us-must-take-a-covid-19-test-one-day-before-the-flight/,Costa Ricans Traveling To the US Must Take A Covid-19 Test One Day Before the Flight,The Costa Rica News,https://thecostaricanews.com/wp-content/uploads/2021/12/1625941820_099271_1625942045_noticia_normal_recorte1.jpg?ezimgfmt=ng:webp/ngcb1
CU,21.521757,-77.781167,Cuba,https://havanatimes.org/opinion/underage-political-prisoners-in-cuba/,Underage Political Prisoners in Cuba,Havana Times,https://havanatimes.org/wp-content/uploads/2021/12/5-12-1-1536x901.png
CV,16.002082,-24.013197,Cape Verde,https://en.mercopress.com/2021/11/30/argentine-border-health-authorities-learn-cape-verde-is-not-in-asia,Argentine Border Health authorities learn Cape Verde is not in Asia,MercoPress,https://image.arrivalguides.com/500x500/04/857160cd9ac41759a7b7bb41653a1feb.jpg
CX,-10.447525,105.690449,Christmas Island,https://www.mercurynews.com/2021/11/23/christmas-island-covered-in-red-crabs-in-annual-migration/,Christmas Island Covered in Red Crabs during Annual Migration,The Mercury News,https://cdn.images.express.co.uk/img/dynamic/78/590x/Red-crabs-1523096.jpg?r=1637187485032
CY,35.126413,33.429859,Cyprus,https://www.nytimes.com/2021/12/03/world/europe/pope-francis-cyprus-migrants.html,‘We Cannot Keep Quiet’: Pope Laments Indifference on Migrants,The New York Times,https://static01.nyt.com/images/2021/12/03/world/03pope-trip-add3/merlin_198714852_afdca9d8-d412-48c1-80c3-9148478bc55c-superJumbo.jpg?quality=75&auto=webp
CZ,49.817492,15.472962,Czech Republic,https://www.nytimes.com/2021/11/18/world/europe/the-czech-republic-prepares-for-new-restrictions-as-cases-soar.html,The Czech Republic prepares for new restrictions as cases soar.,The New York Times,https://static01.nyt.com/images/2021/11/18/world/18virus-briefing-czech/18virus-briefing-czech-superJumbo.jpg?quality=75&auto=webp
DE,51.165691,10.451526,Germany,https://www.nytimes.com/2021/12/06/world/europe/germany-olaf-scholz-cabinet-women.html,8 Women and 8 Men: Germany Gets Its First Gender-Equal Cabinet,The New York Times,https://static01.nyt.com/images/2021/12/06/world/06germany-cabinet01sub/merlin_198847656_f9e0dfa5-5ff5-4fd9-8b34-dd137964696b-superJumbo.jpg?quality=75&auto=webp
DJ,11.825138,42.590275,Djibouti,https://moderndiplomacy.eu/2021/12/05/new-project-to-support-the-emergence-of-a-digital-economy-in-djibouti/,New Project to Support the Emergence of a Digital Economy in Djibouti,moderndiplomacy,https://moderndiplomacy.eu/wp-content/uploads/2018/11/djibouti.jpg
DK,56.26392,9.501785,Denmark,https://www.nytimes.com/2021/12/05/world/europe/britain-denmark-omicron-cases.html,Britain and Denmark report a rise in known Omicron cases.,The New York Times,https://static01.nyt.com/images/2021/12/05/multimedia/05virus-briefing-europe-01/05virus-briefing-europe-01-superJumbo-v2.jpg?quality=75&auto=webp
DM,15.414999,-61.370976,Dominica,https://www.prnewswire.com/news-releases/dominica-continues-to-create-opportunities-for-all-according-to-prime-minister-301437210.html,Dominica Continues to Create Opportunities for All() According to Prime Minister,PR Newswire,https://i.natgeofe.com/n/8c7007bb-177e-4a19-b7ff-e8977eed8468/01-dominica-climate-resilience.jpg
DO,18.735693,-70.162651,Dominican Republic,https://www.cnn.com/2021/11/01/americas/dominican-republic-covid-19-surge-intl-latam/index.html,What's behind the Dominican Republic's new surge in Covid-19 cases?,CNN,https://cdn.cnn.com/cnnnext/dam/assets/210714174605-06-caribbean-travel-covid-dominican-republic-exlarge-169.jpg
DZ,28.033886,1.659626,Algeria,https://www.wionews.com/world/half-a-tonne-of-cocaine-found-floating-off-algeria-coast-394775,Half a tonne of cocaine found floating off Algeria coast,WION,https://cdn.wionews.com/sites/default/files/styles/story_page/public/2020/08/02/152607-cocaine-smuggling.jpg
EC,-1.831239,-78.183406,Ecuador,https://news.un.org/en/story/2021/12/1107212,With 280 prisoners dead in Ecuador() UN experts call for urgent action ,UN News,https://global.unitednations.entermediadb.net/assets/mediadb/services/module/asset/downloads/preset/Libraries/Production+Library/06-12-2021_Unsplash_Ecuador-Guayaquil.jpg/image1170x530cropped.jpg
EE,58.595272,25.013607,Estonia,https://www.defensenews.com/outlook/2021/12/06/estonias-defense-minister-strengthening-nato-from-a-2030-perspective-and-beyond/,Estonia’s defense minister: Strengthening NATO() from a 2030 perspective and beyond,DefenseNews,https://www.defensenews.com/resizer/b3RwtHudNnCUufw01cL1mB8rdSU=/1024x0/filters:format(jpg):quality(70)/cloudfront-us-east-1.images.arcpublishing.com/mco/TEQOEWK3URDXVCYVIJT3Y5FRAI.jpg
EG,26.820553,30.802498,Egypt,https://abcnews.go.com/International/wireStory/report-building-collapse-southern-egypt-kills-children-81578641,Report: Building collapse in southern Egypt kills 3 children,ABC News,https://www.nationsonline.org/gallery/Egypt/Downtown-Cairo-Zamalek-the-Nile-river.jpg
EH,24.215527,-12.885834,Western Sahara,https://www.thedefensepost.com/2021/11/10/morocco-turn-page-western-sahara/,Morocco Says Keen to Turn Page on Western Sahara Conflict,The Defense Post,https://www.thedefensepost.com/wp-content/uploads/2021/04/1c0e883e5e361c63fc83a6aa062d3a0665ea096b-1170x610.jpg
ER,15.179384,39.782334,Eritrea,https://www.aljazeera.com/opinions/2018/5/6/ethiopia-eritrea-conflict-20-years-on-brothers-still-at-war,Ethiopia-Eritrea conflict() 20 years on: Brothers still at war,Al Jazeera,https://www.aljazeera.com/wp-content/uploads/2018/05/8ad768b7d47b48ff9993feecff7dd3b1_18.jpeg?resize=770%2C513
ES,40.463667,-3.74922,Spain,https://www.thedailybeast.com/the-omicron-covid-19-variant-threatens-to-deal-spain-a-knockout-blow,Omicron Threatens to Deal Spain a Knockout Blow,The Daily Beast,https://img.thedailybeast.com/image/upload/c_crop()d_placeholder_euli9k()h_1688()w_3000()x_0()y_0/dpr_1.5/c_limit()w_1044/fl_lossy()q_auto/v1638785184/211205-spain-omicron-tease-01_pr1qba
ET,9.145,40.489673,Ethiopia,https://www.reuters.com/world/africa/us-other-countries-urge-ethiopia-cease-illegal-detentions-statement-2021-12-06/,U.S.() five other countries urge Ethiopia to cease illegal detentions,Reuters,https://foreignpolicy.com/wp-content/uploads/2021/11/ETHIOPIA-GettyImages-1236408607.jpg?w=800&h=533&quality=80
FI,61.92411,25.748151,Finland,https://www.theguardian.com/world/2021/dec/05/finland-is-the-worlds-happiest-nation-and-i-want-to-keep-it-that-way-says-sanna-marin,Finland is the world’s happiest nation – and I want to keep it that way() says prime minister,The Guardian,https://i.guim.co.uk/img/media/d20dd7a40d5c61080d26e0ed62403549abd569b6/0_153_6317_3790/master/6317.jpg?width=620&quality=45&auto=format&fit=max&dpr=2&s=aba200de639bfd6a6b8837201d04b9d4
FJ,-16.578193,179.414413,Fiji,https://www.cnn.com/travel/article/fiji-reopening-tourism-intl-hnk/index.htmll,Fiji Reopens to Tourism,CNN,https://dynaimage.cdn.cnn.com/cnn/q_auto()w_1100()c_fill()g_auto()h_619()ar_16:9/http%3A%2F%2Fcdn.cnn.com%2Fcnnnext%2Fdam%2Fassets%2F211202001041-fiji-reopening-celebration-1201.jpg
FK,-51.796253,-59.523613,Falkland Islands,https://www.theguardian.com/world/2021/nov/21/migrant-crossings-are-becoming-a-problem-for-red-wall-tory-mps,Tory MPs suggest sending migrants to UK to the Falklands,The Guardian,https://i.guim.co.uk/img/media/9322b98faac0abc6f077c84faf732b1a3b946eab/0_37_3500_2100/master/3500.jpg?width=620&quality=45&auto=format&fit=max&dpr=2&s=17ee026397bc901ee8df0fcad20a7246
FM,7.425554,150.550812,Micronesia,https://mvariety.com/news/ocean-flooding-hits-marshall-islands-micronesia-over-consecutive-days/article_c9f2459e-5698-11ec-9507-678df52a7ac4.html,Ocean flooding hits Marshall Islands() Micronesia over consecutive days,Marianas Variety,https://bloximages.newyork1.vip.townnews.com/mvariety.com/content/tncms/assets/v3/editorial/f/0a/f0a370c8-5698-11ec-908d-1f77e4d77339/61ae10fb781c2.image.jpg?resize=1200%2C900
FO,61.892635,-6.911806,Faroe Islands,https://www.straitstimes.com/life/food/faroe-islands-two-michelin-starred-koks-restaurant-to-run-pop-up-at-grand-hyatt,Faroe Islands' two-Michelin-starred Koks restaurant to run pop-up at Grand Hyatt,The Straits Times,https://static.straitstimes.com.sg/s3fs-public/styles/article_pictrure_780x520_/public/articles/2021/12/05/mi_koks_051221.jpg?itok=ZyoQ9eeD&timestamp=1638702428
FR,46.227638,2.213749,France,https://www.france24.com/en/europe/20211206-france-to-close-nightclubs-extend-use-of-face-masks-in-schools-amid-covid-19-surge,France to close nightclubs() extend use of face masks in schools amid Covid-19 surge,France 24,https://www.nationsonline.org/gallery/France/View-of-Versailles.jpg
GA,-0.803689,11.609444,Gabon,https://www.sciencedaily.com/releases/2021/11/211118203716.htm,Study confirms that Gabon is the largest stronghold for critically endangered African forest elephants,ScienceDaily,https://files.worldwildlife.org/wwfcmsprod/images/forest_elephant_WW139203/hero_small/5rwvqrm1jx_Medium_WW139203.jpg
GB,55.378051,-3.435973,United Kingdom,https://www.washingtonpost.com/business/the-uk-presses-ahead-with-omicron-christmas/2021/12/06/934e1324-567f-11ec-8396-5552bef55c3c_story.html,The U.K. Presses Ahead With Omicron Christmas,The Washington Post,https://www.washingtonpost.com/wp-apps/imrs.php?src=https://arc-anglerfish-washpost-prod-washpost.s3.amazonaws.com/public/SLC4Y3CWP4I6ZA4WKVJL55K4HQ.jpg&w=916
GD,12.262776,-61.604171,Grenada,https://www.travelagentcentral.com/destinations/grenada-updates-protocols-fully-vaccinated-travelers,Grenada Updates Protocols for Fully Vaccinated Travelers,Travel Agent Central,https://qtxasset.com/cdn-cgi/image/w=852()h=479()f=auto()fit=crop()g=0.5x0.5/https://qtxasset.com/quartz/qcloud1/media/image/travelagentcentral/1533826309/grenadacreditFlavioVallenariiStockGettyImagesPlusGettyImages_0.jpg/grenadacreditFlavioVallenariiStockGettyImagesPlusGettyImages_0.jpg?VersionId=gx8OMX5iekm8_WqQCAFUoo43M4QRCo40
GE,42.315407,43.356892,Georgia,https://www.cnn.com/travel/article/georgia-travel-covid-19/index.html,Traveling to Georgia during Covid-19: What you need to know before you go,CNN,https://dynaimage.cdn.cnn.com/cnn/q_auto()w_1100()c_fill()g_auto()h_619()ar_16:9/http%3A%2F%2Fcdn.cnn.com%2Fcnnnext%2Fdam%2Fassets%2F211105205533-01-georgia-travel-file.jpg
GF,3.933889,-53.125782,French Guiana,https://finance.yahoo.com/news/digicel-builds-deep-blue-one-105200824.html,Digicel Builds Deep Blue One Subsea Cable Connecting French Guiana() Suriname() Guyana and Trinidad & Tobago,Yahoo Finance,https://s.yimg.com/ny/api/res/1.2/s6YjwPCwiJ63kPO04zhZcA--/YXBwaWQ9aGlnaGxhbmRlcjt3PTcwNTtoPTIwODtjZj13ZWJw/https://s.yimg.com/uu/api/res/1.2/MyEeLyTUNLwu7gmz3CS2ZA--~B/aD0xMTg7dz00MDA7YXBwaWQ9eXRhY2h5b24-/https://media.zenfs.com/en/prnewswire.com/3d7487eee9555f179e9b162ff254155a
GG,49.465691,-2.585278,Guernsey,https://www.bbc.com/news/world-europe-guernsey-59555589,Fibre broadband: First Guernsey customers connected,BBC,https://ichef.bbci.co.uk/news/976/cpsprodpb/11633/production/_121991217_13.png
GH,7.946527,-1.023194,Ghana,https://www.reuters.com/world/africa/ghana-says-it-records-first-cases-omicron-variant-2021-12-01/,Ghana says it records first cases of Omicron variant,Reuters,https://www.reuters.com/resizer/uFhJzDZebDwF1npvGWRNvme3D2w=/1200x0/filters:quality(80)/cloudfront-us-east-2.images.arcpublishing.com/reuters/4AF42J6MPJNCPHRVSIWILPSDSU.jpg
GI,36.137741,-5.345374,Gibraltar,https://www.riotimesonline.com/brazil-news/modern-day-censorship/in-gibraltar-100-of-adults-are-fully-vaccinated-against-covid-19-and-yet-new-cases-are-exploding/,In Gibraltar() 100% of adults are fully vaccinated against Covid-19 and yet new cases are exploding,The Rio Times,https://www.riotimesonline.com/wp-content/uploads/2021/11/Gibraltar.jpg
GL,71.706936,-42.604303,Greenland,https://www.cnn.com/2021/11/30/us/arctic-rainfall-greenland-climate-change/index.html,Rain fell at Greenland's summit this year for the first time. It's going to happen more often() study says,CNN,https://cdn.cnn.com/cnnnext/dam/assets/211129163912-rainfall-greenland-090421-exlarge-169.jpg
GM,13.443182,-15.310139,Gambia,https://www.cnn.com/2021/12/04/africa/gambia-election-voters-use-marbles-intl/index.html,Gambians vote with marbles in key test for stability,CNN,https://cdn.cnn.com/cnnnext/dam/assets/211204104447-gambia-election-exlarge-169.jpg
GN,9.945587,-9.696645,Guinea,https://www.theafricareport.com/153400/chad-guinea-mali-sudan-can-a-coup-be-a-springboard-for-democracy/,Chad() Guinea() Mali() Sudan… Can a coup be a springboard for democracy?,The Africa Report,https://www.theafricareport.com/media/2021/12/SIPA_AP22620206_000001-scaled-e1638787643535-1536x880.jpg
GP,16.995971,-62.067641,Guadeloupe,https://www.euronews.com/2021/12/06/preserving-paradise-the-project-protecting-guadeloupe-s-natural-treasures,Making sure paradise is not lost: protecting Guadeloupe's natural treasures,Euronews,https://static.euronews.com/articles/library/111/47/55/62/11147556286cfc570b6fdd6b2cc5f949cb69f5f53ada/640x360_cmsv2_a99adc5d-3e5a-5c6c-92d0-30cda7284952-11147556286cfc570b6fdd6b2cc5f949cb69f5f53ada.jpg
GQ,1.650801,10.267895,Equatorial Guinea,https://www.wsj.com/articles/china-seeks-first-military-base-on-africas-atlantic-coast-u-s-intelligence-finds-11638726327,China Seeks First Military Base on Africa’s Atlantic Coast() U.S. Intelligence Finds,The Wall Street Journal,https://images.wsj.net/im-446475?width=700&size=1.5&pixel_ratio=2
GR,39.074208,21.824312,Greece,https://www.npr.org/2021/12/06/1061727133/in-greece-the-pope-demands-the-world-focus-on-the-plight-of-asylum-seekers,In Greece() the pope demands the world focus on the plight of asylum-seekers,NPR,https://media-cldnry.s-nbcnews.com/image/upload/newscms/2021_26/3487868/210630-pope-francis-ew-403p.jpg
GS,-54.429579,-36.587909,South Georgia and the South Sandwich Islands,https://www.reuters.com/article/us-climate-change-iceberg-idUSKBN29P2W3,Massive iceberg continues losing mass as it swirls around South Georgia island,Reuters,https://www.nomadasaurus.com/wp-content/uploads/2019/06/Travel-to-South-Georgia-Island-Guide.jpg
GT,15.783471,-90.230759,Guatemala,https://www.npr.org/2021/12/05/1059603081/guatemalas-rural-and-indigenous-communities-are-hit-hardest-by-covid-19,Guatemala's rural and indigenous communities are hit hardest by COVID-19,NPR,https://www.state.gov/wp-content/uploads/2019/04/Guatemala-e1556100904595-2500x1406.jpg
GU,13.444304,144.793731,Guam,https://www.cnn.com/2021/11/29/politics/global-posture-review-china/index.html,Pentagon to build up US bases in Guam and Australia to meet China challenge,CNN,https://cdn.cnn.com/cnnnext/dam/assets/181207124406-20181207-us-china-flags-exlarge-169.jpg
GW,11.803749,-15.180413,Guinea-Bissau,https://www.imf.org/en/News/Articles/2021/11/30/pr21352-guinea-bissau-imf-management-completes-first-review-of-the-staff-monitored-program,IMF Management Completes First Review of the Staff-Monitored Program with Guinea Bissau,IMF,https://cdn.cfr.org/sites/default/files/styles/immersive_image_3_2_desktop_2x/public/image/2019/11/IMF.jpg
GY,4.860416,-58.93018,Guyana,https://www.inforney.com/texas/chuck-e-cheese-signs-new-development-agreements-in-qatar-suriname-and-guyana/article_8e99b78d-17fc-535b-966a-98c1eec00105.html,Chuck E. Cheese Signs New Development Agreements In Qatar() Suriname And Guyana,InForney,https://bloximages.newyork1.vip.townnews.com/inforney.com/content/tncms/assets/v3/editorial/f/90/f901051e-c6b8-540f-8ea8-bcafeb79f69a/61926bcb150d9.image.jpg?resize=1202%2C1724
HK,22.396428,114.109497,Hong Kong,https://www.cnn.com/2021/12/06/media/wall-street-journal-hong-kong-intl-hnk/index.html,Hong Kong warns Wall Street Journal of legal action over election editorial,CNN,https://www.nybooks.com/wp-content/uploads/2020/10/demick_1-111920.jpg
HN,15.199999,-86.241905,Honduras,https://www.ft.com/content/e6525fbc-d4df-42e2-a4ca-5dc3d86acd39,Honduras becomes new front in US-China struggle over Taiwan,Financial Times,https://www.ft.com/__origami/service/image/v2/images/raw/https%3A%2F%2Fd1e00ek4ebabms.cloudfront.net%2Fproduction%2F9585d664-ec7f-431a-8b29-530704060464.jpg?fit=scale-down&source=next&width=700
HR,45.1,15.2,Croatia,https://www.seattletimes.com/seattle-news/health/croatia-confirms-first-2-cases-of-omicron-variant-in-country/,Croatia confirms first 2 cases of omicron variant in country,The Seattle Times,https://www.oliverstravels.com/blog/wp-content/uploads/2018/01/Split-Croatia.jpg
HT,18.971187,-72.285215,Haiti,https://www.nytimes.com/2021/12/06/world/americas/hostages-haiti.html,Three of a Group of Missionaries Kidnapped in Haiti Have Been Released,The New York Times,https://static01.nyt.com/images/2021/12/06/world/06Haiti-Missionaries/merlin_198221925_18556a1a-a694-4b7d-b35a-e2390488a73a-superJumbo.jpg?quality=75&auto=webp
HU,47.162494,19.503304,Hungary,https://www.reuters.com/business/healthcare-pharmaceuticals/hungary-tighten-controls-air-travel-seven-african-countries-2021-11-27/,Hungary to tighten controls on air travel from seven African countries,Reuters,https://www.reuters.com/resizer/PXCCfbGD0xslUHZkVpDittMUveY=/1200x0/filters:quality(80)/cloudfront-us-east-2.images.arcpublishing.com/reuters/N2VPN5W2YNIL5MOC6TJI5OJAYE.jpg
ID,-0.789275,113.921327,Indonesia,https://www.reuters.com/markets/commodities/poor-weather-hampers-search-rescue-efforts-indonesia-volcano-2021-12-06/,Indonesia volcano erupts again as death toll rises to 22,Reuters,https://www.aljazeera.com/wp-content/uploads/2021/12/h_57336334.jpg?resize=770%2C513
IE,53.41291,-8.24389,Ireland,https://www.irishtimes.com/business/technology/head-of-facebook-ireland-to-step-down-next-year-1.4747820,Head of Facebook Ireland to step down next year,The Irish Times,https://www.irishtimes.com/polopoly_fs/1.4748325.1638817454!/image/image.jpg_gen/derivatives/box_620_330/image.jpg
IL,31.046051,34.851612,Israel,https://www.aljazeera.com/news/2021/12/6/palestinian-minor-killed-in-alleged-west-bank-car-ramming,Palestinian minor killed by Israel army after alleged car ramming,Al Jazeera,https://www.aljazeera.com/wp-content/uploads/2021/12/2020-06-23T000000Z_1971410902_RC22FH9NHRHP_RTRMADP_3_ISRAEL-PALESTINIANS-VIOLENCE-1.jpg?resize=770%2C513
IM,54.236107,-4.548056,Isle of Man,https://www.bbc.com/news/world-europe-isle-of-man-59553747,Isle of Man: Assisted dying laws should be debated again() MHK says,BBC,https://ichef.bbci.co.uk/news/976/cpsprodpb/145FA/production/_106105438_mediaitem106105437.jpg
IN,20.593684,78.96288,India,https://www.washingtonpost.com/world/2021/12/06/india-hunger-coronavirus/,Economic Distress from India's coronavirus lockdowns has created a hunger crisis,The Washington Post,https://static01.nyt.com/images/2021/05/12/world/12virus-india-seo-explainer-1/12virus-india-seo-explainer-1-mobileMasterAt3x.jpg
IO,-6.343194,71.876519,British Indian Ocean Territory,https://news.coinupdate.com/pobjoy-mint-british-indian-ocean-territory-new-bullion-range-launched-featuring-famed-cutty-sark-on-silver-and-1-2-gram-gold/,Pobjoy Mint — British Indian Ocean Territory: New bullion range launched featuring famed Cutty Sark on silver and 1/2-gram gold,Coin Update,https://world.mintnewsblog.com/wp-content/uploads/2021/09/BIOT-Cutty-Sark-2021-1royal-silver-pair.jpg
IQ,33.223191,43.679291,Iraq,https://www.ft.com/content/c1524f45-96ee-4323-bacf-9dd80d3287bb,‘Fallujah Land’: Iraq’s Anbar province rebuilds after Isis,Financial Times,https://www.ft.com/__origami/service/image/v2/images/raw/https%3A%2F%2Fd1e00ek4ebabms.cloudfront.net%2Fproduction%2F19370654-734c-4d85-a914-17687a240c7b.jpg?fit=scale-down&source=next&width=700
IR,32.427908,53.688046,Iran,https://www.wsj.com/articles/u-s-hope-for-iran-nuclear-talks-now-rests-on-china-russia-11638790536,U.S. Hope for Iran Nuclear Talks Now Rests on China() Russia,The Wall Street Journal,https://images.wsj.net/im-446636?width=860&size=1.5&pixel_ratio=2
IS,64.963051,-19.020835,Iceland,https://www.thetravel.com/must-see-places-to-visit-in-iceland/,Visiting Iceland? Here Are Some Places You Need To See,The Travel,https://static2.thetravelimages.com/wordpress/wp-content/uploads/2021/12/moss-covered-houses-iceland.jpg?q=50&fit=crop&w=960&h=500&dpr=1.5
IT,41.87194,12.56738,Italy,https://www.bbc.com/news/world-europe-59548210,Covid-19: Italy tightens restrictions for unvaccinated,BBC,https://ichef.bbci.co.uk/news/976/cpsprodpb/6692/production/_121985262_bb4ed728-8989-4ed7-9971-00e222815ba3.jpg
JE,49.214439,-2.13125,Jersey,https://www.architectsjournal.co.uk/news/will-alsops-pregnant-armadillo-cafe-in-jersey-faces-demolition,Will Alsop’s ‘pregnant armadillo’ café in Jersey faces demolition,Architect's Journal,https://s3-eu-west-1.amazonaws.com/emap-nibiru-prod/wp-content/uploads/sites/4/2021/12/03124641/20190701_100605-1024x576-1.jpg
JM,18.109581,-77.297508,Jamaica,https://sflcn.com/jamaicas-tourism-sector-to-be-restructured-to-increase-retention-of-visitor-spend/,Jamaica’s Tourism Sector to be Restructured to Increase Retention of Visitor Spend,South Florida Caribbean News,https://cdn-djhlf.nitrocdn.com/AzqRzxFLzMalzEZMJmWkLPGFEiwoedeR/assets/static/optimized/wp-content/uploads/2021/12/3772fee1713530d37597df36b2053c12.zipline.jpeg
JO,30.585164,36.238414,Jordan,https://www.aljazeera.com/news/2021/12/6/jordan-court-jails-health-officials-over-covid-19-oxygen-deaths,Jordan court jails health officials over COVID-19 oxygen deaths,Al Jazeera,https://www.aljazeera.com/wp-content/uploads/2021/03/2021-03-13T113801Z_1834061026_RC2BAM922YAX_RTRMADP_3_HEALTH-CORONAVIRUS-JORDAN-HOSPITAL.jpg?resize=770%2C513
JP,36.204824,138.252924,Japan,https://abcnews.go.com/International/wireStory/japans-military-worlds-strongest-build-81576818,Japan's military() among world's strongest() looks to build,ABC News,https://s.abcnews.com/images/International/WireAP_da5d8bc47a65418d89c45da708f001c4_16x9_992.jpg
KE,-0.023559,37.906193,Kenya,https://techcrunch.com/2021/12/05/kenyas-pariti-raises-2-85m-led-by-harlem-capital-to-develop-startup-ecosystems-in-emerging-markets/?guccounter=1&guce_referrer=aHR0cHM6Ly9uZXdzLmdvb2dsZS5jb20v&guce_referrer_sig=AQAAACmzw6tr-wXqoy8uKQnzxUbQV_-2Z9O4SBjklT34UQ6VRPgHKOdGL2NroJKx2XtpdYVnwuu5mowiIdGQuZbwuoOoBNcS3jCZ1-BB75sAE1RfkRcq2OqwDI4RN8KjdvrhIOjyRbbe__pF2k4CLIc-9omhzeb2ZEzLyYb0gHydpGyJ,Kenya’s Pariti raises $2.85M led by Harlem Capital to develop startup ecosystems in emerging markets,TechCrunch,https://techcrunch.com/wp-content/uploads/2021/12/Pariti_TC_pic.jpeg?w=1390&crop=1
KG,41.20438,74.766098,Kyrgyzstan,https://www.aljazeera.com/news/2021/11/28/kyrgyzstan-holds-parliamentary-vote-amid-rising-tensions,Kyrgyzstan holds parliamentary vote amid rising tensions,Al Jazeera,https://www.aljazeera.com/wp-content/uploads/2021/11/2021-11-28T065416Z_1104612558_RC2I3R96MKH1_RTRMADP_3_KYRGYZSTAN-ELECTION.jpg?resize=770%2C513
KH,12.565679,104.990963,Cambodia,https://www.nytimes.com/2021/12/05/arts/design/cambodian-effort-to-find-artifacts-wont-end-with-informants-death.html,Cambodia Says Looter Helping It Reclaim Stolen Artifacts Has Died,The New York Times,https://static01.nyt.com/images/2021/12/06/arts/06lion-alt/merlin_198821499_a30773f7-9f1f-4784-8497-e7981161a81b-superJumbo.jpg?quality=75&auto=webp
KI,-3.370417,-168.734039,Kiribati,https://www.theguardian.com/world/2021/dec/07/pacific-nurses-in-the-desert-kiribati-brain-drain-is-outback-australias-gain,Pacific nurses in the desert: Kiribati brain drain is outback Australia’s gain,The Guardian,https://i.guim.co.uk/img/media/68cec69e1552cfcee387b8f6fdfb060ec1503789/0_225_5993_3598/master/5993.jpg?width=620&quality=45&auto=format&fit=max&dpr=2&s=65bced42a9ee84755e3562017bad2d0c
KM,-11.875001,43.872219,Comoros,https://kawa-news.com/en/what-are-the-practiced-religions-in-comoros/,What are the practiced religions in Comoros?,Kawa News,https://kawa-news.com/wp-content/uploads/2021/11/comores-820x500.jpg
KN,17.357822,-62.782998,Saint Kitts and Nevis,https://wicnews.com/caribbean/saint-kitts-nevis/pm-timothy-harris-makes-st-kitts-and-nevis-a-safer-place-for-tourism-amid-covid-19-332539171/,PM Timothy Harris makes St Kitts and Nevis a safer place for tourism amid COVID-19,WIC News,https://wicnews.com/wp-content/uploads/2021/08/Prime-Minister-Dr-Timothy-Harris.jpeg
KP,40.339852,127.510093,North Korea,https://www.washingtonpost.com/world/asia_pacific/north-korea-food-winter-kim/2021/12/04/a89dc828-4248-11ec-9404-50a28a88b9cd_story.html,North Korea heads into ‘tense’ winter: Closed borders and food supplies in question,The Washington Post,https://www.washingtonpost.com/wp-apps/imrs.php?src=https://arc-anglerfish-washpost-prod-washpost.s3.amazonaws.com/public/AC7MZXSVBQI6ZB3JF5HM355CVU.jpg&w=916
KR,35.907757,127.766922,South Korea,https://www.eastasiaforum.org/2021/12/06/the-korean-way/,The Korean way,East Asia Forum,https://sp-ao.shortpixel.ai/client/to_webp()q_glossy()ret_img()w_1536/https://www.eastasiaforum.org/wp-content/uploads/2021/12/2020-09-25T013751Z_471509946_RC2D5J9E3UGM_RTRMADP_3_BTS-BIG-HIT-IPO-1536x1024.jpg
KW,29.31166,47.481766,Kuwait,https://apnews.com/article/business-middle-east-religion-islam-kuwait-597ba2303e284842ff68bfbcbb295f47,Kuwait’s exiled opposition returns home after royal pardon,Associated Press,https://storage.googleapis.com/afs-prod/media/cdf70e000d9e40ce911a54b0f7bb429c/600.jpeg
KY,19.513469,-80.566956,Cayman Islands,https://www.travelweekly.com/Caribbean-Travel/Cayman-Islands-to-welcome-a-cruise-ship-with-conditions,Cayman Islands to welcome a cruise ship -- with conditions,Travel Weekly,https://ik.imgkit.net/3vlqs5axxjf/TW/ik-seo/uploadedImages/All_TW_Art/Shutterstock_Art/2021/T1122GRANDCAYMAN_SS_HR/Cayman-Islands-to-welcome-a-cruise-ship--with-cond.jpg?tr=w-780%2Ch-440%2Cfo-auto
KZ,48.019573,66.923684,Kazakhstan,https://eurasianet.org/kazakhstan-china-protests-reach-landmark-despite-official-war-of-attrition,Kazakhstan: China protests reach landmark() despite official war of attrition,Eurasianet,https://eurasianet.org/sites/default/files/styles/article/public/2021-12/1.JPG?h=b94db137&itok=BUFGKyxq
LA,19.85627,102.495496,Laos,https://www.reuters.com/markets/deals/china-laos-open-6-billion-high-speed-rail-link-2021-12-03/,China and Laos open $6 billion high-speed rail link,Reuters,https://www.reuters.com/resizer/ROmATpJsUmHkTudmiMKmIgTebXE=/1200x0/filters:quality(80)/cloudfront-us-east-2.images.arcpublishing.com/reuters/GCYHJ3WS2BMBBAZ7QUJR6W6AYA.jpg
LB,33.854721,35.862285,Lebanon,https://www.reuters.com/world/middle-east/lebanon-information-minister-resigns-ease-saudi-spat-2021-12-03/,Lebanon's information minister quits to ease Saudi dispute,Reuters,https://www.reuters.com/resizer/y1lF43MXCCfrImF36IXi0UVYcdk=/1200x0/filters:quality(80)/cloudfront-us-east-2.images.arcpublishing.com/reuters/RY5DFZNN35IQ7OWE6ZOX32T4DM.jpg
LC,13.909444,-60.978893,Saint Lucia,https://moderndiplomacy.eu/2021/12/05/saint-lucia-builds-investment-reference-guide-to-boost-sustainable-development/,Saint Lucia Builds Investment Reference Guide to Boost Sustainable Development,Modern Diplomacy,https://moderndiplomacy.eu/wp-content/uploads/2019/03/st-lucia.jpg
LI,47.166,9.555373,Liechtenstein,https://www.nytimes.com/2021/08/07/world/europe/liechtenstein-gambling-casinos.html,Is a Big Casino Footprint in a Tiny Principality a Good or a Bad Bet?,The New York Times,https://static01.nyt.com/images/2021/07/28/world/xxlichtenstein-01/merlin_188585007_2a27aac3-f8c5-41b9-a8d2-59b66e171e7f-superJumbo.jpg?quality=75&auto=webp
LK,7.873054,80.771797,Sri Lanka,https://www.bbc.com/travel/article/20211205-sigiriya-sri-lankas-ancient-water-gardens,Sigiriya: Sri Lanka's ancient water gardens,BBC News,https://ychef.files.bbci.co.uk/976x549/p0b7n6dm.webp
LR,6.428055,-9.429499,Liberia,https://www.washingtonpost.com/history/2021/11/20/liberia-purchase-agreement-1821-burrowes/,Two hundred years later() a long-lost document sheds light on the purchase of Liberia,The Washington Post,https://www.washingtonpost.com/wp-apps/imrs.php?src=https://arc-anglerfish-washpost-prod-washpost.s3.amazonaws.com/public/QBV24YN6CBD2TNUBVCCNOG7HSI.jpg&w=916
LS,-29.609988,28.233608,Lesotho,https://www.reuters.com/world/africa/lesotho-ex-pm-thomas-thabane-charged-over-murder-estranged-wife-2021-11-30/,Lesotho ex-PM Thomas Thabane charged over murder of estranged wife,Reuters,https://www.reuters.com/resizer/fde7eRxL6AumZyn-0c5CO8dt_JM=/1920x0/filters:quality(80)/cloudfront-us-east-2.images.arcpublishing.com/reuters/44GPCCZLAJLP7BSLAT5TG76RZ4.jpg
LT,55.169438,23.881275,Lithuania,https://www.politico.eu/article/lithuania-asks-eu-for-strong-reaction-to-chinese-pressure/,Lithuania asks EU for ‘strong reaction’ to Chinese pressure,Politico,https://www.politico.eu/wp-content/uploads/2021/12/06/GettyImages-1236773500-1320x878.jpg
LU,49.815273,6.129583,Luxembourg,https://www.themayor.eu/en/a/view/luxembourg-s-army-goes-green-and-sustainable-9517,Luxembourg’s army goes green and sustainable,TheMayor,https://www.themayor.eu/web/files/articles/9517/main_image/thumb_1024x663_herrenberg-marktplatz-2.jpg
LV,56.879635,24.603189,Latvia,https://www.defensenews.com/outlook/2021/12/06/latvias-defense-minister-the-importance-of-securing-the-supply-chain/,Latvia’s defense minister: The importance of securing the supply chain,DefenseNews,https://www.defensenews.com/resizer/W4Ljt-TFFaAoJD5kwKCQAcvoX18=/800x0/filters:format(jpg):quality(70)/cloudfront-us-east-1.images.arcpublishing.com/mco/MCU65MGTQFEB7GSEXYTDAT5B4I.jpg
LY,26.3351,17.228331,Libya,https://www.reuters.com/world/libya-court-reinstates-gaddafi-presidential-bid-amid-election-chaos-2021-12-02/,Libya court reinstates Gaddafi presidential bid amid election chaos,Reuters,https://www.reuters.com/resizer/6Y8uQPntekr6DjmoZUlZzjc1XAw=/1200x0/filters:quality(80)/cloudfront-us-east-2.images.arcpublishing.com/reuters/4DGMUVBCXFILPIK63ZIQNVEOQU.jpg
MA,31.791702,-7.09262,Morocco,https://www.aljazeera.com/news/2021/11/28/morocco-suspends-incoming-flights-over-new-covid-variant-omicron,Morocco suspends all incoming flights over Omicron,Al Jazeera,https://www.aljazeera.com/wp-content/uploads/2021/11/RTS2LKGE.jpg?resize=770%2C513
MC,43.750298,7.412841,Monaco,https://nypost.com/2021/12/04/princess-charlene-and-princess-grace-share-tragic-bond/,Princess Charlene and Princess Grace’s shared tragic Monaco ‘misery’,New York Post,https://nypost.com/wp-content/uploads/sites/2/2021/12/princess-charlene-grace-kelly.jpg?quality=90&strip=all&w=1488
MD,47.411631,28.369885,Moldova,https://www.rferl.org/a/moldova-covid-vaccine-humor/31581841.html,Moldova Fights COVID With Black Humor,Radio Free Europe,https://gdb.rferl.org/00ef0000-0a00-0242-8154-08d9af396e98_cx9_cy2_cw76_w650_r1_s.jpg
ME,42.708678,19.37439,Montenegro,https://www.intellinews.com/montenegro-s-biggest-industrial-plant-kap-to-halt-production-amid-surging-electricity-prices-228750/,Montenegro’s biggest industrial plant KAP to halt production amid surging electricity prices,bne IntelliNews,https://d39raawggeifpx.cloudfront.net/styles/16_9_desktop/s3/articleimages/KAP_0.jpg
MG,-18.766947,46.869107,Madagascar,https://www.circleofblue.org/2021/world/hotspots-h2o-ongoing-madagascar-famine-is-driven-by-poverty-not-climate-change/,HotSpots H2O: Ongoing Madagascar Famine Is Driven By Poverty() Not Climate Change,Circle of Blue,https://i1.wp.com/www.circleofblue.org/wp-content/uploads/2021/12/Landscape_Madagascar_09.jpg?w=800&ssl=1
MH,7.131474,171.184478,Marshall Islands,https://www.worldbank.org/en/news/feature/2021/11/17/-reimaanlok-the-future-of-community-led-ocean-conservation-in-marshall-islands,‘Reimaanlok’: The Future of Community-led Ocean Conservation in Marshall Islands,World Bank Group,https://www.worldbank.org/content/dam/photos/780x439/2021/nov-1/photo1.jpg
MK,41.608635,21.745275,North Macedonia,https://www.euractiv.com/section/politics/short_news/alternative-party-joins-coalition-of-north-macedonias-government/,Alternative party joins coalition of North Macedonia’s government,Euractiv,https://www.euractiv.com/wp-content/uploads/sites/2/2021/12/w_57266890-1-800x450.jpg
ML,17.570692,-3.996166,Mali,https://www.dw.com/en/west-africa-explosions-attacks-in-mali-niger-kill-over-100/a-60025843,West Africa: Explosions() attacks in Mali() Niger kill over 100,Deutsche Welle,https://static.dw.com/image/60025838_303.jpg
MM,21.913965,95.956223,Myanmar,https://apnews.com/article/coronavirus-pandemic-health-myanmar-aung-san-suu-kyi-cd5279010615095422d104c55cee4660,Myanmar’s Aung San Suu Kyi: The Legal Challenges,Associated Press,https://storage.googleapis.com/afs-prod/media/4317887a29e6487996f1237e0238f6ad/600.jpeg
MN,46.862496,103.846656,Mongolia,https://ifex.org/mongolia-urged-to-uphold-the-right-to-peaceful-assembly-during-the-pandemic/,Mongolia urged to uphold the right to peaceful assembly during the pandemic,IFEX,https://ifex.org/wp-content/uploads/2021/12/mongolia-ulaanbaatar-protest-covid-measures-getty.jpg
MO,22.198745,113.543873,Macau,https://www.reuters.com/world/china/china-top-representative-macau-advise-govt-national-security-state-media-2021-12-03/,China top representative in Macau to advise govt on national security-state media,Reuters,https://www.reuters.com/resizer/sxw4TKgccF9b85mxSZ-kC_lZsZQ=/1200x0/filters:quality(80)/cloudfront-us-east-2.images.arcpublishing.com/reuters/42MMN2NHZJPFZO6OA6KQMCEB24.jpg
MP,17.33083,145.38469,Northern Mariana Islands,https://www.postguam.com/news/cnmi/torres-500-bonus-for-cnmi-retirees-vouchers-for-utilities/article_c0061100-5648-11ec-9ea9-e30445b1b925.html,Torres: $500 'bonus' for CNMI retirees() vouchers for utilities,The Guam Daily Post,https://bloximages.newyork1.vip.townnews.com/postguam.com/content/tncms/assets/v3/editorial/6/6a/66a1db2c-d88e-11eb-b8ca-e3b51ac4a961/60da9ab485fd1.image.jpg?crop=536%2C592%2C437%2C83&resize=536%2C592&order=crop%2Cresize
MQ,14.641528,-61.024174,Martinique,https://www.reuters.com/world/europe/france-sends-more-police-martinique-quell-covid-unrest-2021-11-30/,France sends more police to Martinique to quell COVID unrest,Reuters,https://www.reuters.com/resizer/NHDsnze1nPEHIa4Mj7I-VRzXih4=/1200x0/filters:quality(80)/cloudfront-us-east-2.images.arcpublishing.com/reuters/KKOVHUGQMNJPTD76OMTYOVHFXQ.jpg
MR,21.00789,-10.940835,Mauritania,https://www.unhcr.org/news/stories/2021/11/61a626e74/refugees-fight-fires-preserve-mauritanias-environment.html,Refugees fight fires to preserve Mauritania’s environment,UNHCR,https://www.unhcr.org/thumb3/61a7407b4.jpg
MS,16.742498,-62.187366,Montserrat,https://www.news18.com/news/buzz/caribbean-island-montserrat-is-currently-open-only-to-the-rich-heres-why-4261424.html,Caribbean Island Montserrat is Currently Open Only to the Rich() Here's Why,News18,https://images.news18.com/ibnlive/uploads/2021/09/montserrat-16329099013x2.png?impolicy=website&width=510&height=356
MT,35.937496,14.375416,Malta,https://timesofmalta.com/articles/view/investing-in-malta-the-top-reasons.919687,Investing in Malta: The top reasons,Times of Malta,https://cdn-attachments.timesofmalta.com/0230b6c5920df01460e83e43dccd3bfb4a6f396a-1638802980-f09c4fa1-1920x1280.jpg
MU,-20.348404,57.552152,Mauritius,https://africanarguments.org/2021/11/mauritius-insists-covid-is-under-control-hospitals-tell-a-different-story/,Mauritius insists Covid is under control. Hospitals tell a different story,African Arguments,https://africanarguments.org/wp-content/uploads/2021/11/mauritius-covid-2-e1638439074200.jpg
MV,3.202778,73.22068,Maldives,https://www.occrp.org/en/the-pandora-papers/pandora-papers-unveil-ex-putin-aide-indian-businessmen-behind-maldives-island-scandal-deals,Pandora Papers Unveil Ex-Putin Aide() Indian Businessmen Behind Maldives Island Scandal Deals,OCCRP,https://www.occrp.org/assets/the-pandora-papers/Kirill-Androsov-9ccfa5cf5f8ffacc8d99c22ba8b8d531e066d59c82d1d69ff55cbde7ebfd6845.jpg
MW,-13.254308,34.301525,Malawi,https://www.cnn.com/2021/11/26/entertainment/malawi-mike-tyson-scli-intl/index.html,Malawi defends decision to ask Mike Tyson to be its cannabis ambassador,CNN,https://cdn.cnn.com/cnnnext/dam/assets/211126101204-malawi-defends-tyson-scli-intl-exlarge-169.jpg
MX,23.634501,-102.552784,Mexico,https://wtvbam.com/2021/12/06/mexico-auto-output-exports-fall-again-on-semiconductor-shortage/,Mexico auto output() exports fall again on semiconductor shortage,WTVB News,https://storage.googleapis.com/media.mwcradio.com/mimesis/2021-12/06/2021-12-06T174752Z_1_LYNXMPEHB50U9_RTROPTP_3_MEXICO-KAVAK.JPG
MY,4.210484,101.975766,Malaysia,https://www.reuters.com/business/dyson-splits-with-malaysia-supplier-stoking-concern-over-migrant-worker-2021-12-05/,Dyson splits with Malaysia supplier() stoking concern over migrant worker treatment,Reuters,https://www.reuters.com/resizer/-ZwDuXsOT7-btph2glnN58DVgBU=/1200x0/filters:quality(80)/cloudfront-us-east-2.images.arcpublishing.com/reuters/UON5FY23N5OBVH5BMCE6HSNJOE.jpg
MZ,-18.665695,35.529562,Mozambique,https://africanarguments.org/2021/11/mozambique-the-farmers-navigating-conflict-climate-change-and-covid/,Mozambique: The farmers navigating conflict() climate change and Covid,African Arguments,https://africanarguments.org/wp-content/uploads/2021/11/mozambique-farming-e1636716545479.jpg
NA,-22.95764,18.49041,Namibia,https://www.namibian.com.na/108044/read/The-first-lady-who-took-on-the-trolls,The first lady who took on the trolls,The Namibian,https://www.namibian.com.na/public/uploads/images/61add9d48f236/Monica1.jpg
NC,-20.904305,165.618042,New Caledonia,https://theconversation.com/why-new-caledonias-final-independence-vote-could-lead-to-instability-and-tarnish-frances-image-in-the-region-172128,Why New Caledonia’s final independence vote could lead to instability and tarnish France’s image in the region,The Conversation AU,https://images.theconversation.com/files/435734/original/file-20211205-15-1bcceuu.jpg?ixlib=rb-1.1.0&q=30&auto=format&w=600&h=449&fit=crop&dpr=2
NE,17.607789,8.081666,Niger,https://www.aljazeera.com/news/2021/12/6/niger-attack-leaves-at-least-dozen-soldiers-dead,12 soldiers() ‘dozens of terrorists’ killed in Niger attack,Al Jazeera,https://www.aljazeera.com/wp-content/uploads/2020/05/d9e59ef1e638429994da1f99935d4688_18.jpeg?resize=770%2C513
NF,-29.040835,167.954712,Norfolk Island,https://www.cookislandsnews.com/regional/australia/australian-immigration-into-norfolk-undermining-the-island-writer/,Australian immigration into Norfolk undermining the island – writer,Cook Islands News,https://www.cookislandsnews.com/wp-content/uploads/2021/11/eight_col_Norfolk_Island_jail1.jpg
NG,9.081999,8.675277,Nigeria,https://punchng.com/theres-enormous-hatred-betrayal-in-nigeria-orji-kalu-laments/,There’s enormous hatred() betrayal in Nigeria() Orji Kalu laments,The Punch,https://cdn.punchng.com/wp-content/uploads/2016/04/12003144/Orji-Uzor-Kalu.jpg
NI,12.865416,-85.207229,Nicaragua,https://havanatimes.org/features/what-overland-travelers-leaving-nicaragua-should-know/,What Overland Travelers Leaving Nicaragua Should Know,Havana Times,https://havanatimes.org/wp-content/uploads/2021/11/Tomada-de-El19digital.jpg
NL,52.132633,5.291266,Netherlands,https://www.politico.eu/article/the-netherlands-to-not-move-ahead-with-controversial-2g-covid-system-for-now/,The Netherlands holds off on restrictions for the unvaccinated — for now,Politico,https://www.politico.eu/wp-content/uploads/2021/12/06/GettyImages-1236847348-1320x880.jpg
NO,60.472024,8.468946,Norway,https://www.reuters.com/world/europe/norway-tighten-covid-restrictions-health-minister-says-2021-12-06/,Norway to tighten COVID restrictions() health minister says,Reuters,https://www.reuters.com/resizer/vNWtObjWgVolfcRK2bmkTYMJvhY=/1200x0/filters:quality(80)/cloudfront-us-east-2.images.arcpublishing.com/reuters/5EWIMVYCBNP2TDHV4OTEKWRVIY.jpg
NP,28.394857,84.124008,Nepal,https://foreignpolicy.com/2021/12/05/nepal-art-theft-sacred-yakshi/,It Doesn’t Belong in a Museum,Foreign Policy,https://foreignpolicy.com/wp-content/uploads/2021/12/NEPAL-ART-THEFT-GettyImages-941729778.png?quality=90
NR,-0.522778,166.931503,Nauru,https://www.theguardian.com/australia-news/2021/nov/26/brisbane-company-worth-just-8-when-awarded-385m-nauru-offshore-processing-contract,Brisbane company worth just $8 when awarded $385m Nauru offshore processing contract,The Guardian,https://i.guim.co.uk/img/media/989807972dca658e488eb1b76cbdfb62d71b509e/0_125_1280_768/master/1280.jpg?width=620&quality=45&auto=format&fit=max&dpr=2&s=28ebd712f0ed8110f26cc445c5a14abb
NU,-19.054445,-169.867233,Niue,https://www.rnz.co.nz/international/pacific-news/456466/niue-says-its-borders-will-stay-shut-to-tourists,Niue says its borders will stay shut to tourists,RNZ,https://www.rnz.co.nz/assets/news_crops/134420/eight_col_140077055_m.jpg?1637729583
NZ,-40.900557,174.885971,New Zealand,https://www.nytimes.com/2021/12/06/fashion/jewelry-maori-fishhook-pendant-hei-matau-new-zealand.html,In New Zealand() the Fishhook Pendant Called Hei Matau,The New York Times,https://static01.nyt.com/images/2021/12/07/multimedia/07sp-jewelry-NZ-inyt2/07sp-jewelry-NZ-inyt2-superJumbo.jpg?quality=75&auto=webp
OM,21.512583,55.923255,Oman,https://www.arabnews.com/node/1981826/business-economy,Oman launches its second largest oil() gas project,Arab News,https://www.arabnews.com/sites/default/files/styles/n_670_395/public/2021/12/06/2950956-758264267.jpg?itok=mNjPhf4R
PA,8.537981,-80.782127,Panama,https://www.laprensalatina.com/panama-costa-rica-route-now-equipped-for-environmentally-friendly-travel/,Panama-Costa Rica route now equipped for environmentally friendly travel,La Prensa Latina,https://mk0laprensalatice12d.kinstacdn.com/wp-content/uploads/2021/12/18117325w-780x470.jpg
PE,-9.189967,-75.015152,Peru,https://wtvbam.com/2021/12/06/analysis-perus-castillo-plays-whack-a-mole-with-crises-as-impeachment-threat-looms/,Analysis: Peru’s Castillo plays whack-a-mole with crises as impeachment threat looms,WTVB News,https://storage.googleapis.com/media.mwcradio.com/mimesis/2021-12/06/2021-12-06T110952Z_1_LYNXMPEHB50E5_RTROPTP_3_PERU-POLITICS.JPG
PF,-17.679742,-149.406843,French Polynesia,https://www.seatrade-cruise.com/ship-operations/aranui-5-operate-first-five-day-french-polynesia-cruise-2023,Aranui 5 to operate first five-day French Polynesia cruise in 2023,Seatrade Cruise News,https://www.seatrade-cruise.com/sites/seatrade-cruise.com/files/styles/article_featured_standard/public/CRUISE_ARANUI_5.jpg?itok=Q1PnhsIM
PG,-6.314993,143.95555,Papua New Guinea,https://www.theguardian.com/world/2021/dec/02/the-fear-of-this-vaccine-is-real-how-papua-new-guineas-covid-strategy-went-so-wrong,‘The fear of this vaccine is real’: how Papua New Guinea’s Covid strategy went so wrong,The Guardian,https://i.guim.co.uk/img/media/989e4eec2d4fcaec3f6db1f6b4e2db525ee4ce6d/0_0_5094_3396/master/5094.jpg?width=645&quality=45&auto=format&fit=max&dpr=2&s=69fdce2c717a27498cda581047bd7424
PH,12.879721,121.774017,Philippines,https://wtvbam.com/2021/12/06/philippines-tentatively-reopens-schools-as-covid-19-cases-ease/,Philippines tentatively reopens schools as COVID-19 cases ease,WTVB News,https://storage.googleapis.com/media.mwcradio.com/mimesis/2021-12/06/2021-12-06T102741Z_1_LYNXMPEHB50CI_RTROPTP_3_HEALTH-CORONAVIRUS-PHILIPPINES-SCHOOL.JPG
PK,30.375321,69.345116,Pakistan,https://www.cnn.com/2021/12/03/asia/pakistan-mob-killing-intl/index.html,Pakistan PM calls mob killing 'day of shame' for the country,CNN,https://cdn.cnn.com/cnnnext/dam/assets/211203130752-01-pakistan-mob-kills-man-1203-exlarge-169.jpg
PL,51.919438,19.145136,Poland,https://www.reuters.com/business/healthcare-pharmaceuticals/poland-announce-further-pandemic-curbs-this-week-pm-2021-12-06/,Poland to announce further pandemic curbs this week - PM,Reuters,https://www.reuters.com/resizer/7RHJnvu9j_AqssiT5rJYgRNcI6M=/1200x0/filters:quality(80)/cloudfront-us-east-2.images.arcpublishing.com/reuters/HUIMV5QXVZK37FWRHCYTVU7JWM.jpg
PM,46.941936,-56.27111,Saint Pierre and Miquelon,https://www.cbc.ca/radio/asithappens/as-it-happens-friday-edition-1.5981864/these-french-islands-off-newfoundland-want-to-join-the-atlantic-bubble-1.5981865,These French islands off Newfoundland want to join the Atlantic Bubble ,CBC,https://i.cbc.ca/1.4727669.1530232594!/fileImage/httpImage/image.png_gen/derivatives/16x9_780/st-pierre-miquelon.png
PN,-24.703615,-127.439308,Pitcairn Islands,https://www.standard.co.uk/news/uk/pitcairn-islands-british-the-duke-of-cambridge-cambridge-caribbean-b966836.html,British territories ‘on front line’ of climate change threat() says William,Evening Standard,https://static.standard.co.uk/2021/11/17/19/116bfbf569a513e9dadb852a5563711bY29udGVudHNlYXJjaGFwaSwxNjM3MjYxNDY5-2.63789155.jpg?width=990&auto=webp&quality=75&crop=968%3A645%2Csmart
PR,18.220833,-66.590149,Puerto Rico,https://www.pewtrusts.org/en/research-and-analysis/articles/2021/12/03/in-puerto-rico-new-coastal-management-plan-must-protect-nature-and-economy,In Puerto Rico() New Coastal Management Plan Must Protect Nature and Economy,The Pew Charitable Trusts,https://www.pewtrusts.org/-/media/post-launch-images/2021/12/20200225dsc0059jpgmaster/16x9_m.jpg?mw=1820&hash=FB2F4B9C669B9CE3E17A16823E5CE4C8
PS,31.952162,35.233154,Palestine,https://www.aljazeera.com/news/2021/12/6/palestine-economic-tourism-expo2020-dubai,Palestine hoping for economic() tourism revival through Expo 2020,Al Jazeera,https://www.aljazeera.com/wp-content/uploads/2021/12/IMG_2675.jpg?resize=770%2C513
PT,39.399872,-8.224454,Portugal,https://www.treehugger.com/portugal-creates-europe-largest-marine-reserve-5211970,Portugal Creates Europe's Largest Marine Reserve,Treehugger,https://www.treehugger.com/thmb/Ce6JZucEIFxjaHuAD_mOr8bt32Q=/768x0/filters:no_upscale():max_bytes(150000):strip_icc()/Selvagens-Islands-amberjacks-1adc65c26a4d4e539de12cad730cd6a1.JPG
PW,7.51498,134.58252,Palau,https://www.aljazeera.com/economy/2021/12/6/palau-pop-18000-seeks-to-blaze-trail-with-official-crypto,Tiny Palau seeks to blaze trail with official cryptocurrency,Al Jazeera,https://www.aljazeera.com/wp-content/uploads/2021/12/2009-10-02T120000Z_246192727_GM1E5A212EK01_RTRMADP_3_PALAU-TRAVEL.jpg?resize=770%2C513
PY,-23.442503,-58.443832,Paraguay,https://en.mercopress.com/2021/12/04/argentina-pays-paraguay-part-of-the-us-45-million-of-overdue-yacyreta-energy,Argentina pays Paraguay part of the US $ 45 million of overdue Yacyretá energy,MercoPress,https://en.mercopress.com/data/cache/noticias/84869/0x0/yacy.png
QA,25.354826,51.183884,Qatar,https://www.aljazeera.com/news/2021/12/6/qatar-turkey-to-work-with-taliban-on-keeping-kabul-airport-open,Qatar() Turkey to work together on stabilising Afghanistan,Al Jazeera,https://www.aljazeera.com/wp-content/uploads/2021/12/GettyImages-1237048540.jpg?resize=770%2C513
RE,-21.115141,55.536384,Réunion,https://www.travelawaits.com/2705121/things-i-wish-i-knew-before-reunion-island/,Things I Wish I’d Known Before I Went To Réunion Island,Travel Awaits,https://upload.travelawaits.com/ta/uploads/2021/10/Volcan198_eruption_piton_de_la_fournaise_05_2015-CREDIT-IRT-luc_perrot_dts_06_2017-sarah-kingdom-800x800.jpg
RO,45.943161,24.96676,Romania,https://www.reuters.com/world/europe/romania-feature-world-war-i-female-officer-banknote-2021-11-26/,Romania to feature World War I female officer on banknote,Reuters,https://www.reuters.com/resizer/ZclK_tqQmvAbcUxqB8dyeugg930=/1200x0/filters:quality(80)/cloudfront-us-east-2.images.arcpublishing.com/reuters/GNC5SXURZNMWRKZLCB3GGXX24Y.jpg
RS,44.016521,21.005859,Serbia,https://www.reuters.com/markets/commodities/thousands-block-roads-across-serbia-anti-government-protest-2021-12-04/,Thousands block roads across Serbia in anti-government protest,Reuters,https://www.reuters.com/resizer/L3qtDtj8VegI2HO5JPixAmc6olI=/1200x0/filters:quality(80)/cloudfront-us-east-2.images.arcpublishing.com/reuters/IVQTHVOMLJMO7FGW6VXMAGLOBE.jpg
RU,61.52401,105.318756,Russia,https://www.themoscowtimes.com/2021/12/06/news-from-russia-what-you-missed-over-the-weekend-140-a75738,News From Russia: What You Missed Over the Weekend,The Moscow Times,https://static.themoscowtimes.com/image/article_1360/a8/643852.jpg
RW,-1.940278,29.873888,Rwanda,https://news.mongabay.com/2021/12/translocation-brings-white-rhinos-to-rwanda-a-new-land-for-an-old-species/,Translocation brings white rhinos to Rwanda() a new land for an old species,Mongabay,https://imgs.mongabay.com/wp-content/uploads/sites/20/2021/12/06132306/Rhino-crate-being-lifted-by-crane-onto-truck-©-Gael-Vande-Weghe-African-Parks.jpg
SA,23.885942,45.079162,Saudi Arabia,https://www.reuters.com/world/middle-east/saudi-crown-prince-will-start-tour-gulf-region-monday-al-arabiya-2021-12-06/,Saudi Arabia's crown prince sets off on tour of Gulf Arab states,Reuters,https://www.reuters.com/resizer/37xI73otzLOfwtsrBoq-k6vLJRQ=/1200x0/filters:quality(80)/cloudfront-us-east-2.images.arcpublishing.com/reuters/E6FAL5NUKVPQRJD6R7GFENC4K4.jpg
SB,-9.64571,160.156194,Solomon Islands,https://www.reuters.com/world/asia-pacific/solomon-islands-prime-minister-faces-no-confidence-vote-after-riots-2021-12-06/,Solomon Islands prime minister survives no-confidence vote after riots,Reuters,https://www.reuters.com/resizer/5LSJs07p2dSVGRFzFuHv_fLntv0=/1200x0/filters:quality(80)/cloudfront-us-east-2.images.arcpublishing.com/reuters/U2MSQHRIKFPNXNU7IL5U453RUA.jpg
SC,-4.679574,55.491977,Seychelles,http://www.seychellesnewsagency.com/articles/15938/Seychelles+Pavilion+surpasses+%2C+visitors+at+Dubai+Expo,Seychelles Pavilion surpasses 100()000 visitors at Dubai Expo,Seychelles News Agency,http://www.seychellesnewsagency.com/media/images/2021-12/photo_verybig_15938.jpg
SD,12.862807,30.217636,Sudan,https://www.aljazeera.com/news/2021/12/5/aid-group-says-tribal-violence-killed-24-in-sudans-darfur,Tribal violence kills 24 in Sudan’s Darfur: Aid group,Al Jazeera,https://www.AlJazeera.com/wp-content/uploads/2020/08/386eb6f85aff4b068ba88d3be92b3be6_18.jpeg?resize=770%2C513
SE,60.128161,18.643501,Sweden,https://www.nytimes.com/2021/11/29/world/europe/sweden-magdalena-andersson.html,Sweden Elects Its First Female Leader — for Second Time in a Week,The New York Times,https://static01.nyt.com/images/2021/11/29/world/29sweden-election-1/merlin_198529920_efac9208-aca6-4ac6-9270-1feddb99c9a9-superJumbo.jpg?quality=75&auto=webp
SG,1.352083,103.819836,Singapore,https://www.washingtonpost.com/business/singapore-wants-tolead-on-crypto-not-k-poppensions/2021/12/06/8e6a7b4c-565a-11ec-8396-5552bef55c3c_story.html,Singapore Wants to Lead on Crypto() Not K-Pop Pensions,The Washington Post,https://www.washingtonpost.com/wp-apps/imrs.php?src=https://arc-anglerfish-washpost-prod-washpost.s3.amazonaws.com/public/RXWSCJCWLII6ZA4WKVJL55K4HQ.jpg&w=916
SH,-24.143474,-10.030696,Saint Helena,https://www.ft.com/content/7a1aa74d-054a-42b0-9555-d683f72a2853,Postcard from Saint Helena: the ‘Green List’ island you can’t actually visit,Financial Times,https://www.ft.com/__origami/service/image/v2/images/raw/https://d1e00ek4ebabms.cloudfront.net/production/2a5d736d-1cfc-4636-a056-c7e8599c64ba.png?source=next&fit=scale-down&quality=highest&width=720
SI,46.151241,14.995463,Slovenia,https://wtvbam.com/2021/12/06/slovenias-top-court-rejects-vaccination-rule-for-public-sector-employees/,Slovenia’s top court rejects vaccination rule for public sector employees,WTVB News,https://storage.googleapis.com/media.mwcradio.com/mimesis/2021-12/06/2021-12-06T143841Z_1_LYNXMPEHB50MX_RTROPTP_3_HEALTH-CORONAVIRUS-VACCINES-SLOVENIA.JPG
SJ,77.553604,23.670272,Svalbard and Jan Mayen,https://www.nytimes.com/2021/12/06/travel/svalbard-climate-change-tourism.html,Bearing Witness to Svalbard’s Fragile Splendor,The New York Times,https://static01.nyt.com/images/2021/11/22/travel/22travel-svalbard2/merlin_197577861_b1dec268-a723-48dc-987c-767a24403672-superJumbo.jpg?quality=75&auto=webp
SK,48.669026,19.699024,Slovakia,https://www.reuters.com/world/europe/czechs-slovaks-target-unvaccinated-people-step-behind-austria-2021-11-22/,Czechs() Slovaks target unvaccinated people() talk of full lockdown intensifies,Reuters,https://www.reuters.com/resizer/hbg95BnSrqUlRR_JqJqV-2iOj78=/1200x0/filters:quality(80)/cloudfront-us-east-2.images.arcpublishing.com/reuters/QN7K4XFYJVKYLBTBKQGYG3DWLE.jpg
SL,8.460555,-11.779889,Sierra Leone,https://www.washingtonpost.com/climate-solutions/interactive/2021/deforestation-sierra-leone-alhaji-siraj-bah/,He lost his best friend in a mudslide. Now he’s using coconuts to fight deforestation in West Africa.,The Washington Post,https://img.washingtonpost.com/wp-apps/imrs.php?src=https://arc-anglerfish-washpost-prod-washpost.s3.amazonaws.com/public/VIC5OFB4OEI6ZPLP3I3W6RZQJY.jpg&w=1800
SM,43.94236,12.457777,San Marino,https://wiwibloggs.com/2021/12/04/san-marino-2018-runner-up-sara-de-blue-among-80-acts-auditioning-for-una-voce-per-san-marino/267546/,San Marino: 2018 runner-up Sara de Blue among 80 acts auditioning for ‘Una voce per San Marino’,Wiwibloggs,https://wiwibloggs.com/wp-content/uploads/2021/12/sara-de-blue-san-marino.jpg
SN,14.497401,-14.452362,Senegal,https://www.nytimes.com/2021/11/11/t-magazine/senegal-homegrown-rice.html,In Senegal() a Return to Homegrown Rice,The New York Times,https://static01.nyt.com/images/2021/11/11/t-magazine/11tmag-senegal-slide-R1L7/11tmag-senegal-slide-R1L7-superJumbo.jpg?quality=75&auto=webp
SO,5.152149,46.199616,Somalia,https://www.nytimes.com/2021/11/25/world/africa/somalia-explosion-school-8-dead.html,Explosion Outside School Kills 8 in Somalia’s Capital,The New York Times,https://static01.nyt.com/images/2021/11/25/world/25somalia/merlin_198361521_dcca575a-f1ee-4570-bac5-993be3888e18-superJumbo.jpg?quality=75&auto=webp
SR,3.919305,-56.027783,Suriname,https://www.inforney.com/texas/chuck-e-cheese-signs-new-development-agreements-in-qatar-suriname-and-guyana/article_8e99b78d-17fc-535b-966a-98c1eec00105.html,Chuck E. Cheese Signs New Development Agreements In Qatar() Suriname And Guyana,inForney,https://bloximages.newyork1.vip.townnews.com/inforney.com/content/tncms/assets/v3/editorial/f/90/f901051e-c6b8-540f-8ea8-bcafeb79f69a/61926bcb150d9.image.jpg?resize=1202%2C1724
ST,0.18636,6.613081,São Tomé and Príncipe,https://africa.cgtn.com/2021/11/08/chinese-surgeon-helps-cuban-and-local-doctors-in-sao-tome-and-principe/,Chinese surgeon helps Cuban and local doctors in Sao Tome and Principe,CGTN,https://africa.cgtn.com/wp-content/photo-gallery/2021/11/Picture3-1.jpg
SV,13.794185,-88.89653,El Salvador,https://news.mongabay.com/2021/12/el-salvador-womens-group-takes-a-stand-for-river-system-targeted-by-development/,El Salvador women’s group takes a stand for river system targeted by development,Mongabay,https://imgs.mongabay.com/wp-content/uploads/sites/20/2021/12/06154458/FEATURE.jpg
SY,34.802075,38.996815,Syria,https://www.nytimes.com/2021/12/05/world/middleeast/syria-drugs-captagon-assad.html,On Syria’s Ruins() a Drug Empire Flourishes,The New York Times,https://static01.nyt.com/images/2021/12/04/world/04Syria-Drugs/merlin_174113763_5db2f6f6-d5a5-4a41-9daf-5d9db7a5fcc5-superJumbo.jpg?quality=75&auto=webp
SZ,-26.522503,31.465866,Eswatini,https://allafrica.com/stories/202112060537.html,Swaziland: Protest Artists in Eswatini Refuse to Be Erased,AllAfrica,https://cdn08.allafrica.com/download/pic/main/main/csiid/00551797:f16e6531910e7a0417d515a01dd89f5a:arc614x376:w1323:us1.jpg
TC,21.694025,-71.797928,Turks and Caicos Islands,https://suntci.com/turks-and-caicos-islands-seeks-to-build-world-class-public-service-says-de-p6974-129.htm,Turks And Caicos Islands Seeks To Build World Class Public Service() Says Deputy Governor,Turks and Caicos Sun,https://suntci.com/06-12-2021-11-12-49-am-5116491.jpg
TD,15.454166,18.732207,Chad,https://www.france24.com/en/africa/20211129-chad-gives-amnesty-to-hundreds-of-rebels-and-dissidents,Chad gives amnesty to hundreds of rebels and dissidents() meeting opposition demand,France 24,https://s.france24.com/media/display/6f587ebe-1d72-11ec-988e-005056bf30b7/w:1280/p:16x9/000_9KY94H%20%281%29.webp
TF,-49.280366,69.348557,French Southern Territories,https://whc.unesco.org/en/list/1603/,French Austral Lands and Seas,UNESCO,https://whc.unesco.org/uploads/thumbs/site_1603_0019-750-0-20180612151108.jpg
TG,8.619543,0.824782,Togo,https://www.togofirst.com/en/economic-governance/0612-9086-togolese-startup-confordia-launches-platform-for-booking-accommodation-and-organizing-events,Togolese startup Confordia launches platform for booking accommodation and organizing events,Togo First,https://www.togofirst.com/media/k2/items/cache/f7adc0df011f3d04935834d7de413b51_L.jpg
TH,15.870032,100.992541,Thailand,https://moderndiplomacy.eu/2021/12/06/thailand-and-kon-la-krueng-co-payment-scheme-a-challenge-towards-sustainable-consumption/,SOUTHEAST ASIAThailand and Kon La Krueng Co-payment Scheme: A Challenge towards Sustainable Consumption,Modern Diplomacy,https://moderndiplomacy.eu/wp-content/uploads/2021/12/thailand.jpg
TJ,38.861034,71.276093,Tajikistan,https://intellinews.com/tajikistan-press-gangs-an-army-to-defend-long-afghan-border-229008/,Tajikistan press-gangs an army to defend long Afghan border,bne IntelliNews,https://d39raawggeifpx.cloudfront.net/styles/16_9_desktop/s3/articleimages/TAJIKISTAN_TAJIK_CONSCRIPTS_AFGHAN_BORDER_DEFENCE_ARMY_ARMED_FORCES.jpg
TK,-8.967363,-171.855881,Tokelau,https://www.theguardian.com/world/2021/oct/30/is-it-to-satisfy-you-or-to-satisfy-us-why-new-zealands-pacific-colony-doesnt-want-independence,‘Is it to satisfy you or to satisfy us?’ Why New Zealand’s Pacific colony doesn’t want independence,The Guardian,https://i.guim.co.uk/img/media/4eac3dbdd004066be7cbd0df4cc2bd0fe64d0b1d/0_147_2899_1740/master/2899.jpg?width=645&quality=45&auto=format&fit=max&dpr=2&s=18d9a31954af1e447c1db4a2db7d43f7
TL,-8.874217,125.727539,Timor-Leste,https://thediplomat.com/2021/11/timor-leste-is-facing-a-make-or-break-moment/,Timor-Leste Is Facing a Make-or-Break Moment,The Diplomat,https://thediplomat.com/wp-content/uploads/2020/04/sizes/large/thediplomat-2020-04-27-1.jpg
TM,38.969719,59.556278,Turkmenistan,https://eurasianet.org/turkmenistan-door-to-hell-slammed-shut,Turkmenistan: Door to Hell slammed shut,Eurasianet,https://eurasianet.org/sites/default/files/styles/article/public/2021-11/thumbs_b_c_9dd6f4db275935bce4677e1646a94356.jpeg?itok=yItE4S97
TN,33.886917,9.537499,Tunisia,https://www.aljazeera.com/news/2021/12/2/tunisias-saied-says-he-will-change-anniversary-of-revolution,Tunisia’s Saied says he will change anniversary of revolution,Al Jazeera,https://www.aljazeera.com/wp-content/uploads/2021/07/2021-07-26T010355Z_1569270173_RC21SO9FAUX4_RTRMADP_3_TUNISIA-POLITICS-PRESIDENT-PROFILE-1.jpg?resize=770%2C513
TO,-21.178986,-175.198242,Tonga,https://www.theguardian.com/world/2021/nov/28/tongas-drug-crisis-why-a-tiny-pacific-island-is-struggling-with-a-meth-epidemic,Tonga’s drug crisis: Why a tiny Pacific island is struggling with a meth epidemic,The Guardian,https://i.guim.co.uk/img/media/fa47d86a5effad4287c789bec141a1d12b95e63a/187_0_5625_3376/master/5625.jpg?width=620&quality=45&auto=format&fit=max&dpr=2&s=f7d147e0bf2a5cd65288ee297141bba9
TR,38.963745,35.243322,Turkey,https://www.wsj.com/articles/turkey-erdogan-inflation-currency-lira-protests-economy-11638477508,Turkey’s Economic Turmoil Sends Desperation and Inflation Soaring,The Wall Street Journal,https://images.wsj.net/im-445114?width=1260&size=1.5&pixel_ratio=1.5
TT,10.691803,-61.222503,Trinidad and Tobago,https://newsday.co.tt/2021/12/04/trinidad-and-tobago-in-talks-with-china-on-economic-revival/,Trinidad and Tobago in talks with China on economic revival,TT Newsday,https://newsday.co.tt/wp-content/uploads/2021/12/10732687-1024x807.jpg
TV,-7.109535,177.64933,Tuvalu,https://www.reuters.com/business/cop/tuvalu-looking-legal-ways-be-state-if-it-is-submerged-2021-11-09/,Tuvalu looking at legal ways to be a state if it submerged,Reuters,https://www.reuters.com/resizer/KNVLt629hryLZSaJKkUIcxHsy7Q=/1920x0/filters:quality(80)/cloudfront-us-east-2.images.arcpublishing.com/reuters/XRLGUTBN6NIQ3L5OOFE2FQ32IU.jpg
TW,23.69781,120.960515,Taiwan,https://warontherocks.com/2021/12/the-counter-intuitive-sensibility-of-taiwans-new-defense-strategy/,The Counter-Intuitive Sensibility of Taiwan's New Defense Strategy,War on the Rocks,https://warontherocks.com/wp-content/uploads/2021/12/taiwan-taiwan-taiwan-1024x654.jpg
TZ,-6.369028,34.888822,Tanzania,https://www.wsj.com/articles/tanzania-covid-19-pandemic-response-international-flights-11638211952,Tanzania Replies in Defense of Its Anti-Covid Campaign,The Wall Street Journal,https://images.wsj.net/im-442448?width=860&size=1.5&pixel_ratio=1.5
UA,48.379433,31.16558,Ukraine,https://www.nytimes.com/2021/12/06/world/europe/ukraine-russia-war-front.html,On Ukrainian Front() Grinding War and Weary Anticipation of Invasion,The New York Times,https://static01.nyt.com/images/2021/12/06/world/00Ukraine-Front01/00Ukraine-Front01-superJumbo-v2.jpg?quality=75&auto=webp
UG,1.373333,32.290275,Uganda,https://www.reuters.com/world/africa/uganda-launches-road-building-congo-boost-trade-2021-12-05/,Uganda launches road-building in Congo to boost trade,Reuters,https://www.reuters.com/resizer/LsZnIkhiuBFrl7uaEsampEq4xtU=/1200x0/filters:quality(80)/cloudfront-us-east-2.images.arcpublishing.com/reuters/YSJLEMNSN5LC5EWCYVBSIG3JOU.jpg
US,37.09024,-95.712891,United States,https://www.nytimes.com/2021/12/06/us/politics/olympics-beijing-boycott.html,United States Will Not Send Government Officials to Beijing Olympics,The New York Times,https://static01.nyt.com/images/2021/12/06/us/politics/06dc-bidenolympics/06dc-bidenolympics-superJumbo.jpg?quality=75&auto=webp
UY,-32.522779,-55.765835,Uruguay,https://en.mercopress.com/2021/12/06/sustainability-uruguay-the-example-to-follow-world-bank-says,Sustainability: Uruguay the example to follow() World Bank says,MercoPress,https://en.mercopress.com/data/cache/noticias/84893/0x0/suste-copia.jpg
UZ,41.377491,64.585262,Uzbekistan,https://www.azernews.az/region/186548.html,Uzbekistan intends to increase dried fruit exports to China,AzerNews,https://www.azernews.az/media/2021/12/05/dried_fruit_230421.jpg
VA,41.902916,12.453389,Vatican City,https://www.ncregister.com/cna/how-vatican-city-state-s-government-is-changing-under-pope-francis,How Vatican City State’s Government is Changing Under Pope Francis,National Catholic Register,https://publisher-publish.s3.eu-central-1.amazonaws.com/pb-ncregister/swp/hv9hms/media/2021110911114_618a47ee86c25620efd257cejpeg.webp
VC,12.984305,-61.287228,Saint Vincent and the Grenadines,https://www.worldbank.org/en/news/press-release/2021/11/30/saint-vincent-and-the-grenadines-to-receive-us-40-million-from-the-world-bank,Saint Vincent and the Grenadines Receives US$40 Million from the World Bank to Support Volcano Eruption Recovery,World Bank Group,https://www.worldbank.org/content/dam/photos/1440x150/2021/nov/saint-vincent.jpg
VE,6.42375,-66.58973,Venezuela,https://www.wsj.com/articles/venezuelas-u-s-backed-opposition-movement-in-danger-of-breaking-up-11638739849,Venezuela’s U.S.-Backed Opposition Movement in Danger of Breaking Up,The Wall Street Journal,https://images.wsj.net/im-446500?width=860&size=1.5&pixel_ratio=1.5
VG,18.420695,-64.639968,British Virgin Islands,https://www.travelandleisure.com/hotels-resorts/bitter-end-yacht-club-british-virgin-islands-reopens-overwater-bungalows,This Resort Has the First Overwater Bungalows in the British Virgin Islands,Travel+Leisure,https://imagesvc.meredithcorp.io/v3/mm/image?url=https%3A%2F%2Fstatic.onecms.io%2Fwp-content%2Fuploads%2Fsites%2F28%2F2021%2F11%2F24%2Foverwater-bunglow-bitter-end-yacht-club-BVIOVERWATER1121.jpg
VI,18.335765,-64.896335,U.S. Virgin Islands,https://www.traveldailynews.com/post/us-virgin-islands-sets-its-sights-on-hotel-development,Deal alert: Peak season flights to St. Thomas() USVI() starting at $222,The Points Guy,https://www.traveldailynews.com/assets/thumbnails/7e/7eddfa4deb2022dbbc76698dc000d764.jpg
VN,14.058324,108.277199,Vietnam,https://moderndiplomacy.eu/2021/12/05/vietnams-president-phuc-visit-to-switzerland-and-russia/,Vietnam’s President Phuc visit to Switzerland and Russia,Modern Diplomacy,https://moderndiplomacy.eu/wp-content/uploads/2021/12/vietnam-phuc.jpg
VU,-15.376706,166.959158,Vanuatu,https://www.theguardian.com/world/2021/nov/27/western-men-who-dream-of-being-south-pacific-kings-vanuatu-prophesy,‘There was a prophecy I would come’: the western men who think they are South Pacific kings ,The Guardian,https://i.guim.co.uk/img/media/73f8b00db04a57290018b98c106f3153e940d68b/0_911_4200_2871/master/4200.jpg?width=1020&quality=45&auto=format&fit=max&dpr=2&s=af9fe920fc0489a36a5d4e1605b11b71
WF,-13.768752,-177.156097,Wallis and Futuna,https://www.rnz.co.nz/international/pacific-news/456334/wallis-and-futuna-again-imports-covid-19-case,Wallis and Futuna again imports Covid-19 case,RNZ,https://www.rnz.co.nz/assets/news/259748/eight_col_WF_Moderna.jpg?1617590779
WS,-13.759029,-172.104629,Samoa,https://www.rugbypass.com/news/ardie-savea-reveals-new-sabbatical-option-desires-on-playing-for-samoa/,Ardie Savea reveals new sabbatical option() ongoing desire to represent Samoa,RugbyPass,https://eu-cdn.rugbypass.com/wp/wp-content/uploads/2021/07/ardie-savea-all-blacks.jpg
XK,42.602636,20.902977,Kosovo,https://www.france24.com/en/live-news/20211202-arrested-development-the-unfinished-church-dividing-kosovo,Arrested development: the unfinished church dividing Kosovo,France 24,https://s.france24.com/media/display/afcb37b4-5348-11ec-909a-005056a97e36/w:1280/p:16x9/0c24642d38cb8487fd2178ba57b82a4663e63855.webp
YE,15.552727,48.516388,Yemen,https://wtvbam.com/2021/12/06/yemen-houthis-bury-their-dead-as-marib-fighting-rages/,Yemen Houthis bury their dead as Marib fighting rages,WTVB News,https://storage.googleapis.com/media.mwcradio.com/mimesis/2021-12/06/2021-12-06T144556Z_1_LYNXMPEHB50N4_RTROPTP_3_YEMEN-SECURITY.JPG
YT,-12.8275,45.166244,Mayotte,https://www.equaltimes.org/in-mayotte-the-french-state-is?lang=en#.Ya5g4i-B0mI,In Mayotte() the French state is using bulldozers to get rid of inadequate housing – and undocumented migrants,Equal Times,https://www.equaltimes.org/local/cache-gd2/d5/74536b2c133b110fb07f4462ad6285.jpg?1632313114
ZA,-30.559482,22.937506,South Africa,https://www.cnn.com/2021/12/06/africa/south-africa-omicron-covid-surge-intl/index.html,South Africans brace for the worst amid Omicron surge,CNN,https://cdn.cnn.com/cnnnext/dam/assets/211205105306-04-south-africa-covid-surge-120321-exlarge-169.jpg
ZM,-13.133897,27.849332,Zambia,https://africanarguments.org/2021/12/the-good-the-bad-and-the-alarming-hichilemas-first-100-days-in-zambia/,The good() the bad and the alarming: Hichilema’s first 100 days in Zambia,African Arguments,https://africanarguments.org/wp-content/uploads/2021/12/hakainde-hichilema-zambia-100-days-e1638434421649.jpg
ZW,-19.015438,29.154857,Zimbabwe,https://www.aljazeera.com/news/2021/12/6/zimbabwe-court-clears-investigative-journalist,Zimbabwe court drops case against investigative journalist,Al Jazeera,https://www.aljazeera.com/wp-content/uploads/2021/01/h_56479558.jpg?resize=770%2C513
ZZ,42.377,-71.1167,Fiftyville,https://www.youtube.com/watch?v=xvFZjo5PgG0,Malan gives students Pranay and Michael an A on their Final Project,Harvard,https://encrypted-tbn0.gstatic.com/images?q=tbn:ANd9GcRkKBFbIrYp93NrV7YmbnBlyJKtCKudNFwGZQ&usqp=CAU